DROP SEQUENCE HIBERNATE_SEQUENCE;
CREATE SEQUENCE HIBERNATE_SEQUENCE;




DROP TABLE PROVIDER CASCADE CONSTRAINTS;
CREATE TABLE PROVIDER (
	PROVIDER_NO VARCHAR(10),
	CONSTRAINT PROVIDER_PK PRIMARY KEY (PROVIDER_NO),
	LAST_NAME VARCHAR(30),
	FIRST_NAME VARCHAR(30),
	PROVIDER_TYPE VARCHAR(15),
	SPECIALTY VARCHAR(20),
	TEAM VARCHAR(20),
	SEX CHAR(1),
	DOB DATE,
	ADDRESS VARCHAR(40),
	PHONE VARCHAR(20),
	WORK_PHONE VARCHAR(50),
	OHIP_NO VARCHAR(20),
	RMA_NO VARCHAR(20),
	BILLING_NO VARCHAR(20),
	HSO_NO VARCHAR(10),
	STATUS CHAR(1),
	COMMENTS CLOB,
	PROVIDER_ACTIVITY CHAR(3)
);

INSERT INTO PROVIDER VALUES ('999997','oscaradmin','admin','admin',NULL,NULL,NULL,'01-JAN-0001',NULL,NULL,NULL,NULL,NULL,NULL,NULL,'1',NULL,NULL);
INSERT INTO PROVIDER VALUES ('999998','oscardoc','doctor','doctor',NULL,NULL,NULL,'01-JAN-0001',NULL,NULL,NULL,NULL,NULL,NULL,NULL,'1',NULL,NULL);
INSERT INTO PROVIDER VALUES ('999999','oscarrep','receptionist','receptionist',NULL,NULL,NULL,'01-JAN-0001',NULL,NULL,NULL,NULL,NULL,NULL,NULL,'1',NULL,NULL);
INSERT INTO PROVIDER VALUES ('88888','Support','IT','receptionist',NULL,'Admin',NULL,'01-JAN-0001',NULL,NULL,NULL,NULL,NULL,NULL,NULL,'1',NULL,NULL);
INSERT INTO PROVIDER VALUES ('174','Chan','David','doctor','Family Medicine','TEAM A','M','01-JAN-0001',NULL,'H 905-','058081',NULL,NULL,'BAAP','1','1',NULL,NULL);




DROP TABLE SECURITY CASCADE CONSTRAINTS;
CREATE TABLE SECURITY (
	SECURITY_NO NUMBER(10),
	CONSTRAINT SECURITY_PK PRIMARY KEY (SECURITY_NO),
	USER_NAME VARCHAR(30),
	CONSTRAINT SECURITY_UK1 UNIQUE (USER_NAME),
	PASSWORD VARCHAR(80),
	PROVIDER_NO VARCHAR(10),
	PIN VARCHAR(6),
	B_EXPIRESET NUMBER(1) DEFAULT 1,
	DATE_EXPIREDATE DATE DEFAULT '01-JAN-2100',
	B_LOCALLOCKSET NUMBER(1) DEFAULT 1,
	B_REMOTELOCKSET NUMBER(1) DEFAULT 1
);

INSERT INTO SECURITY VALUES (127,'oscarrep','-51-282443-97-5-9410489-60-1021-45-127-12435464-32','999999','1117',1,'01-JAN-3001',1,1);
INSERT INTO SECURITY VALUES (128,'oscardoc','-51-282443-97-5-9410489-60-1021-45-127-12435464-32','999998','1117',1,'01-JAN-3001',1,1);
INSERT INTO SECURITY VALUES (129,'oscaradmin','-51-282443-97-5-9410489-60-1021-45-127-12435464-32','999997','1117',1,'01-JAN-3001',1,1);




DROP TABLE SECUSERROLE CASCADE CONSTRAINTS;
CREATE TABLE SECUSERROLE (
	PROVIDER_NO VARCHAR(10),
	ROLE_NAME VARCHAR(30),
	CONSTRAINT SECUSERROLE_PK PRIMARY KEY (PROVIDER_NO, ROLE_NAME)
);

INSERT INTO SECUSERROLE VALUES('999998', 'doctor');
INSERT INTO SECUSERROLE VALUES('999998', 'admin');
INSERT INTO SECUSERROLE VALUES('999997', 'receptionist');





DROP TABLE LOG CASCADE CONSTRAINTS;
CREATE TABLE LOG (
	DATETIME DATE,
	PROVIDER_NO VARCHAR(10),
	CONSTRAINT LOG_PK PRIMARY KEY (DATETIME, PROVIDER_NO),
	ACTION VARCHAR(20),
	CONTENT VARCHAR(80),
	CONTENTID VARCHAR(80),
	IP VARCHAR(30)
);

CREATE INDEX LOG_ACTION ON LOG(ACTION);
CREATE INDEX LOG_CONTENT ON LOG(CONTENT);
CREATE INDEX LOG_CONTENTID ON LOG(CONTENTID);





DROP TABLE PREFERENCE CASCADE CONSTRAINTS;
CREATE TABLE PREFERENCE (
	PREFERENCE_NO NUMBER(10),
	CONSTRAINT PREFERENCE_PK PRIMARY KEY (PREFERENCE_NO),
	PROVIDER_NO VARCHAR(10),
	START_HOUR CHAR(2),
	END_HOUR CHAR(2),
	EVERY_MIN CHAR(3),
	MYGROUP_NO VARCHAR(10),
	COLOR_TEMPLATE VARCHAR(10),
	NEW_TICKLER_WARNING_WINDOW VARCHAR(10),	
	DEFAULT_SERVICETYPE VARCHAR(10)
);

CREATE INDEX PREFERENCE_PROVIDER_NO ON PREFERENCE(PROVIDER_NO);

INSERT INTO PREFERENCE VALUES (138,'999998','8','18','15','.default','deepblue',NULL,'');





DROP TABLE PROVIDER_DEFAULT_PROGRAM CASCADE CONSTRAINTS;
CREATE TABLE PROVIDER_DEFAULT_PROGRAM (
	ID NUMBER(10),
	CONSTRAINT PROVIDER_DEFAULT_PROGRAM_PK PRIMARY KEY (ID),
	PROVIDER_NO VARCHAR(10),
	PROGRAM_ID NUMBER(10) DEFAULT 0,
	SIGNNOTE NUMBER(1) DEFAULT 0
);




DROP TABLE SECOBJPRIVILEGE CASCADE CONSTRAINTS;
CREATE TABLE SECOBJPRIVILEGE (
	ROLEUSERGROUP VARCHAR(30),
	OBJECTNAME VARCHAR(100),
	CONSTRAINT SECOBJPRIVILEGE_PK PRIMARY KEY (ROLEUSERGROUP, OBJECTNAME),
	PRIVILEGE VARCHAR(100) DEFAULT '|0|',
	PRIORITY NUMBER(2) DEFAULT '0',
	PROVIDER_NO VARCHAR(10)
);

INSERT INTO SECOBJPRIVILEGE VALUES('receptionist', '_appointment', '|*|', 0, '999998');
INSERT INTO SECOBJPRIVILEGE VALUES('receptionist', '_demographic', '|*|', 0, '999998');
INSERT INTO SECOBJPRIVILEGE VALUES('receptionist', '_billing', '|*|', 0, '999998');
INSERT INTO SECOBJPRIVILEGE VALUES('receptionist','_masterLink','|*|',0,999998);
INSERT INTO SECOBJPRIVILEGE VALUES('doctor', '_appointment', '|*|', 0, '999998');
INSERT INTO SECOBJPRIVILEGE VALUES('doctor', '_eChart', '|*|', 0, '999998');
INSERT INTO SECOBJPRIVILEGE VALUES('doctor', '_appointment.doctorLink', '|*|', 0, '999998');
INSERT INTO SECOBJPRIVILEGE VALUES('doctor', '_eChart.verifyButton', '|*|', 0, '999998');
INSERT INTO SECOBJPRIVILEGE VALUES('doctor', '_demographic', '|*|', 0, '999998');
INSERT INTO SECOBJPRIVILEGE VALUES('doctor', '_billing', '|*|', 0, '999998');
INSERT INTO SECOBJPRIVILEGE VALUES('doctor', '_tasks', '|*|', 0, '999998');
INSERT INTO SECOBJPRIVILEGE VALUES('doctor','_masterLink','|*|',0,999998);
INSERT INTO SECOBJPRIVILEGE VALUES('doctor','_rx','|*|',0,999998);
INSERT INTO SECOBJPRIVILEGE VALUES('admin', '_admin', '|*|', 0, '999998');
INSERT INTO SECOBJPRIVILEGE VALUES('admin','_masterLink','|*|',0,999998);





DROP TABLE PROGRAM_PROVIDER CASCADE CONSTRAINTS;
CREATE TABLE PROGRAM_PROVIDER (
	ID NUMBER(10),
	CONSTRAINT PROGRAM_PROVIDER_PK PRIMARY KEY (ID),
	PROGRAM_ID NUMBER(10),
	PROVIDER_NO NUMBER(10),
	ROLE_ID NUMBER(10),
	TEAM_ID NUMBER(10)
);

CREATE INDEX PROGRAM_PROVIDER_ROLE_ID ON PROGRAM_PROVIDER(ROLE_ID);
CREATE INDEX PROGRAM_PROVIDER_PROVIDER_NO ON PROGRAM_PROVIDER(PROVIDER_NO);
CREATE INDEX PROGRAM_PROVIDER_TEAM_ID ON PROGRAM_PROVIDER(TEAM_ID);





DROP TABLE PROGRAM CASCADE CONSTRAINTS;
CREATE TABLE PROGRAM (
	PROGRAM_ID NUMBER(10),
	CONSTRAINT PROGRAM_PK PRIMARY KEY (PROGRAM_ID),
	AGENCY_ID NUMBER(10) DEFAULT 0,
	INTAKE_PROGRAM NUMBER(10),
	NAME VARCHAR(70),
	DESCR VARCHAR(255),
	ADDRESS VARCHAR(255),
	PHONE VARCHAR(255),
	FAX VARCHAR(255),
	URL VARCHAR(255),
	EMAIL VARCHAR(255),
	EMERGENCY_NUMBER VARCHAR(255),
	TYPE VARCHAR(50),
	LOCATION VARCHAR(70),
	MAX_ALLOWED NUMBER(6) DEFAULT 0,
	NUM_OF_MEMBERS NUMBER(6) DEFAULT 0,
	HOLDING_TANK NUMBER(1) DEFAULT 0,
	ALLOW_BATCH_ADMISSION NUMBER(1),
	ALLOW_BATCH_DISCHARGE NUMBER(1),
	HIC NUMBER(1),
	PROGRAM_STATUS VARCHAR(8) DEFAULT 'active',
	BED_PROGRAM_LINK_ID NUMBER(10) DEFAULT 0,
	MANORWOMAN VARCHAR(6),
	TRANSGENDER NUMBER(1) DEFAULT 0,
	FIRSTNATION NUMBER(1) DEFAULT 0,
	BEDPROGRAMAFFILIATED NUMBER(1) DEFAULT 0,
	ALCOHOL NUMBER(1) DEFAULT 0,
	ABSTINENCESUPPORT VARCHAR(20),
	PHYSICALHEALTH NUMBER(1) DEFAULT 0,
	MENTALHEALTH NUMBER(1) DEFAULT 0,
	HOUSING NUMBER(1) DEFAULT 0,
	EXCLUSIVE_VIEW VARCHAR(20) DEFAULT 'no'
);

INSERT INTO PROGRAM (PROGRAM_ID,AGENCY_ID,NAME,DESCR,ADDRESS,PHONE,FAX,URL,EMAIL,EMERGENCY_NUMBER,TYPE,LOCATION,MAX_ALLOWED,NUM_OF_MEMBERS,HOLDING_TANK,ALLOW_BATCH_ADMISSION,ALLOW_BATCH_DISCHARGE,HIC, PROGRAM_STATUS,EXCLUSIVE_VIEW) VALUES (10001,0,'Subsidized Housing','Subsidized Housing',NULL,NULL,NULL,NULL,NULL,NULL,'community',NULL,99999,0,0,0,0,0,'active','no');
INSERT INTO PROGRAM (PROGRAM_ID,AGENCY_ID,NAME,DESCR,ADDRESS,PHONE,FAX,URL,EMAIL,EMERGENCY_NUMBER,TYPE,LOCATION,MAX_ALLOWED,NUM_OF_MEMBERS,HOLDING_TANK,ALLOW_BATCH_ADMISSION,ALLOW_BATCH_DISCHARGE,HIC, PROGRAM_STATUS,EXCLUSIVE_VIEW) VALUES (10002,0,'Private Market Housing','Private Market Housing',NULL,NULL,NULL,NULL,NULL,NULL,'community',NULL,99999,0,0,0,0,0,'active','no');
INSERT INTO PROGRAM (PROGRAM_ID,AGENCY_ID,NAME,DESCR,ADDRESS,PHONE,FAX,URL,EMAIL,EMERGENCY_NUMBER,TYPE,LOCATION,MAX_ALLOWED,NUM_OF_MEMBERS,HOLDING_TANK,ALLOW_BATCH_ADMISSION,ALLOW_BATCH_DISCHARGE,HIC, PROGRAM_STATUS,EXCLUSIVE_VIEW) VALUES (10003,0,'Returned to Previous Address','Returned to Previous Address',NULL,NULL,NULL,NULL,NULL,NULL,'community',NULL,99999,0,0,0,0,0,'active','no');
INSERT INTO PROGRAM (PROGRAM_ID,AGENCY_ID,NAME,DESCR,ADDRESS,PHONE,FAX,URL,EMAIL,EMERGENCY_NUMBER,TYPE,LOCATION,MAX_ALLOWED,NUM_OF_MEMBERS,HOLDING_TANK,ALLOW_BATCH_ADMISSION,ALLOW_BATCH_DISCHARGE,HIC, PROGRAM_STATUS,EXCLUSIVE_VIEW) VALUES (10004,0,'Returned To Partner','Returned To Partner',NULL,NULL,NULL,NULL,NULL,NULL,'community',NULL,99999,0,0,0,0,0,'active','no');
INSERT INTO PROGRAM (PROGRAM_ID,AGENCY_ID,NAME,DESCR,ADDRESS,PHONE,FAX,URL,EMAIL,EMERGENCY_NUMBER,TYPE,LOCATION,MAX_ALLOWED,NUM_OF_MEMBERS,HOLDING_TANK,ALLOW_BATCH_ADMISSION,ALLOW_BATCH_DISCHARGE,HIC, PROGRAM_STATUS,EXCLUSIVE_VIEW) VALUES (10005,0,'Returned to Parents','Returned to Parents',NULL,NULL,NULL,NULL,NULL,NULL,'community',NULL,99999,0,0,0,0,0,'active','no');
INSERT INTO PROGRAM (PROGRAM_ID,AGENCY_ID,NAME,DESCR,ADDRESS,PHONE,FAX,URL,EMAIL,EMERGENCY_NUMBER,TYPE,LOCATION,MAX_ALLOWED,NUM_OF_MEMBERS,HOLDING_TANK,ALLOW_BATCH_ADMISSION,ALLOW_BATCH_DISCHARGE,HIC, PROGRAM_STATUS,EXCLUSIVE_VIEW) VALUES (10006,0,'Moved in with Friends or Relatives','Moved in with Friends or Relatives',NULL,NULL,NULL,NULL,NULL,NULL,'community',NULL,99999,0,0,0,0,0,'active','no');
INSERT INTO PROGRAM (PROGRAM_ID,AGENCY_ID,NAME,DESCR,ADDRESS,PHONE,FAX,URL,EMAIL,EMERGENCY_NUMBER,TYPE,LOCATION,MAX_ALLOWED,NUM_OF_MEMBERS,HOLDING_TANK,ALLOW_BATCH_ADMISSION,ALLOW_BATCH_DISCHARGE,HIC, PROGRAM_STATUS,EXCLUSIVE_VIEW) VALUES (10007,0,'Continued at Another Hospital or Treatment','Continued at Another Hospital or Treatment',NULL,NULL,NULL,NULL,NULL,NULL,'community',NULL,99999,0,0,0,0,0,'active','no');
INSERT INTO PROGRAM (PROGRAM_ID,AGENCY_ID,NAME,DESCR,ADDRESS,PHONE,FAX,URL,EMAIL,EMERGENCY_NUMBER,TYPE,LOCATION,MAX_ALLOWED,NUM_OF_MEMBERS,HOLDING_TANK,ALLOW_BATCH_ADMISSION,ALLOW_BATCH_DISCHARGE,HIC, PROGRAM_STATUS,EXCLUSIVE_VIEW) VALUES (10008,0,'Left the City','Left the City',NULL,NULL,NULL,NULL,NULL,NULL,'community',NULL,99999,0,0,0,0,0,'active','no');
INSERT INTO PROGRAM (PROGRAM_ID,AGENCY_ID,NAME,DESCR,ADDRESS,PHONE,FAX,URL,EMAIL,EMERGENCY_NUMBER,TYPE,LOCATION,MAX_ALLOWED,NUM_OF_MEMBERS,HOLDING_TANK,ALLOW_BATCH_ADMISSION,ALLOW_BATCH_DISCHARGE,HIC, PROGRAM_STATUS,EXCLUSIVE_VIEW) VALUES (10009,0,'Whereabouts Unknown (AWOL)','Whereabouts Unknown (AWOL)',NULL,NULL,NULL,NULL,NULL,NULL,'community',NULL,99999,0,0,0,0,0,'active','no');
INSERT INTO PROGRAM (PROGRAM_ID,AGENCY_ID,NAME,DESCR,ADDRESS,PHONE,FAX,URL,EMAIL,EMERGENCY_NUMBER,TYPE,LOCATION,MAX_ALLOWED,NUM_OF_MEMBERS,HOLDING_TANK,ALLOW_BATCH_ADMISSION,ALLOW_BATCH_DISCHARGE,HIC, PROGRAM_STATUS,EXCLUSIVE_VIEW) VALUES (10010,0,'Community, unknown destination','Community, unknown destination',NULL,NULL,NULL,NULL,NULL,NULL,'community',NULL,99999,0,0,0,0,0,'active','no');
INSERT INTO PROGRAM (PROGRAM_ID,AGENCY_ID,NAME,DESCR,ADDRESS,PHONE,FAX,URL,EMAIL,EMERGENCY_NUMBER,TYPE,LOCATION,MAX_ALLOWED,NUM_OF_MEMBERS,HOLDING_TANK,ALLOW_BATCH_ADMISSION,ALLOW_BATCH_DISCHARGE,HIC, PROGRAM_STATUS,EXCLUSIVE_VIEW) VALUES (10011,0,'Incarcerated','Incarcerated',NULL,NULL,NULL,NULL,NULL,NULL,'community',NULL,99999,0,0,0,0,0,'active','no');
INSERT INTO PROGRAM (PROGRAM_ID,AGENCY_ID,NAME,DESCR,ADDRESS,PHONE,FAX,URL,EMAIL,EMERGENCY_NUMBER,TYPE,LOCATION,MAX_ALLOWED,NUM_OF_MEMBERS,HOLDING_TANK,ALLOW_BATCH_ADMISSION,ALLOW_BATCH_DISCHARGE,HIC, PROGRAM_STATUS,EXCLUSIVE_VIEW) VALUES (10012,0,'Deceased','Deceased',NULL,NULL,NULL,NULL,NULL,NULL,'community',NULL,99999,0,0,0,0,0,'active','no');
INSERT INTO PROGRAM (PROGRAM_ID,AGENCY_ID,NAME,DESCR,ADDRESS,PHONE,FAX,URL,EMAIL,EMERGENCY_NUMBER,TYPE,LOCATION,MAX_ALLOWED,NUM_OF_MEMBERS,HOLDING_TANK,ALLOW_BATCH_ADMISSION,ALLOW_BATCH_DISCHARGE,HIC, PROGRAM_STATUS,EXCLUSIVE_VIEW) VALUES (10013,0,'Community Shelter','Community Shelter',NULL,NULL,NULL,NULL,NULL,NULL,'community',NULL,99999,0,0,0,0,0,'active','no');
INSERT INTO PROGRAM (PROGRAM_ID,AGENCY_ID,NAME,DESCR,ADDRESS,PHONE,FAX,URL,EMAIL,EMERGENCY_NUMBER,TYPE,LOCATION,MAX_ALLOWED,NUM_OF_MEMBERS,HOLDING_TANK,ALLOW_BATCH_ADMISSION,ALLOW_BATCH_DISCHARGE,HIC, PROGRAM_STATUS,EXCLUSIVE_VIEW) VALUES (10014,0,'Other','Other',NULL,NULL,NULL,NULL,NULL,NULL,'community',NULL,99999,0,0,0,0,0,'active','no');





DROP TABLE DEMOGRAPHIC CASCADE CONSTRAINTS; 
CREATE TABLE DEMOGRAPHIC ( 
	DEMOGRAPHIC_NO NUMBER(10),
	CONSTRAINT DEMOGRAPHIC_PK PRIMARY KEY (DEMOGRAPHIC_NO),
	LAST_NAME VARCHAR(30),
	FIRST_NAME VARCHAR(30),
	ADDRESS VARCHAR(60),
	CITY VARCHAR(20),
	PROVINCE VARCHAR(20),
	POSTAL VARCHAR(9),
	PHONE VARCHAR(20),
	PHONE2 VARCHAR(20),
	EMAIL VARCHAR(100),
	PIN VARCHAR(255),
	YEAR_OF_BIRTH VARCHAR(4),
	MONTH_OF_BIRTH CHAR(2),
	DATE_OF_BIRTH CHAR(2),
	HIN VARCHAR(20),
	VER CHAR(3),
	ROSTER_STATUS VARCHAR(20),
	PATIENT_STATUS VARCHAR(20),
	DATE_JOINED DATE,
	CHART_NO VARCHAR(10),
	PROVIDER_NO VARCHAR(250),
	SEX CHAR(1),
	END_DATE DATE,
	EFF_DATE DATE,
	PCN_INDICATOR VARCHAR(20),
	HC_TYPE VARCHAR(20),
	HC_RENEW_DATE DATE,
	FAMILY_DOCTOR VARCHAR(80)
);

CREATE INDEX DEMOGRAPHIC_HIN ON DEMOGRAPHIC(HIN);
CREATE INDEX DEMOGRAPHIC_NAME ON DEMOGRAPHIC(LAST_NAME, FIRST_NAME);





DROP TABLE ADMISSION CASCADE CONSTRAINTS;
CREATE TABLE ADMISSION (
	AM_ID NUMBER(10),
	CONSTRAINT ADMISSION_PK PRIMARY KEY (AM_ID),
	CLIENT_ID NUMBER(10) DEFAULT 0,
	PROGRAM_ID NUMBER(10) DEFAULT 0,
	PROVIDER_NO NUMBER(10) DEFAULT 0,
	ADMISSION_DATE DATE,
	ADMISSION_NOTES VARCHAR(255),
	TEMP_ADMISSION CHAR(1),
	DISCHARGE_DATE DATE,
	DISCHARGE_NOTES VARCHAR(255),
	TEMP_ADMIT_DISCHARGE CHAR(1),
	ADMISSION_STATUS VARCHAR(24),
	TEAM_ID NUMBER(10),
	TEMPORARY_ADMISSION_FLAG NUMBER(1),
	AGENCY_ID NUMBER(11) DEFAULT 0,
	RADIODISCHARGEREASON VARCHAR(10) DEFAULT '0',
	CLIENTSTATUS_ID NUMBER(10)
);

CREATE INDEX ADMISSION_TEAM_ID ON ADMISSION(TEAM_ID);





DROP TABLE PROPERTY CASCADE CONSTRAINTS;
CREATE TABLE PROPERTY (
	NAME VARCHAR(255),
	VALUE VARCHAR(255),
	ID NUMBER(10),
	CONSTRAINT PROPERTY_PK PRIMARY KEY (ID),
	PROVIDER_NO VARCHAR(10)
);





DROP TABLE SYSTEM_MESSAGE CASCADE CONSTRAINTS;
CREATE TABLE SYSTEM_MESSAGE (
	ID NUMBER(10),
	CONSTRAINT SYSTEM_MESSAGE_PK PRIMARY KEY (ID),
	MESSAGE CLOB,
	CREATION_DATE DATE,
	EXPIRY_DATE DATE
);





DROP TABLE MYGROUP CASCADE CONSTRAINTS;
CREATE TABLE MYGROUP (
	MYGROUP_NO VARCHAR(10),
	PROVIDER_NO VARCHAR(10),
	CONSTRAINT MYGROUP_PK PRIMARY KEY (MYGROUP_NO,PROVIDER_NO),
	LAST_NAME VARCHAR(30),
	FIRST_NAME VARCHAR(30),
	VIEWORDER CHAR(2)
);





DROP TABLE SCHEDULEDATE CASCADE CONSTRAINTS;
CREATE TABLE SCHEDULEDATE (
	ID NUMBER(6),
	CONSTRAINT SCHEDULEDATE_PK PRIMARY KEY (ID),
	SDATE DATE,
	PROVIDER_NO VARCHAR(6),
	AVAILABLE CHAR(1),
	PRIORITY CHAR(1),
	REASON VARCHAR(255),
	HOUR VARCHAR(255),
	CREATOR VARCHAR(50),
	STATUS CHAR(1)
);





DROP TABLE AGENCY CASCADE CONSTRAINTS;
CREATE TABLE AGENCY (
	ID NUMBER(10),
	CONSTRAINT AGENCY_PK PRIMARY KEY (ID),
	INTAKE_QUICK NUMBER(10) DEFAULT 1,
	INTAKE_QUICK_STATE CHAR(2) DEFAULT 'HS',
	INTAKE_INDEPTH NUMBER(10) DEFAULT 2,
	INTAKE_INDEPTH_STATE CHAR(2) DEFAULT 'HS',
	NAME VARCHAR(50),
	DESCRIPTION VARCHAR(255),
	CONTACT_NAME VARCHAR(255),
	CONTACT_EMAIL VARCHAR(255),
	CONTACT_PHONE VARCHAR(255),
	LOCAL NUMBER(1) DEFAULT 0,
	INTEGRATOR_ENABLED NUMBER(1)  DEFAULT 0,
	INTEGRATOR_URL VARCHAR(255),
	INTEGRATOR_JMS VARCHAR(255),
	INTEGRATOR_USERNAME VARCHAR(255),
	INTEGRATOR_PASSWORD VARCHAR(255),
	HIC NUMBER(1),
	DISABLED NUMBER(1)  DEFAULT 0
);

INSERT INTO AGENCY VALUES (0, 1, 'HS', 2, 'HS', 'Default Agency', 'Default Agency', NULL,NULL,NULL,1,0,NULL,NULL,NULL,NULL,0,0);





DROP TABLE SCHEDULETEMPLATE CASCADE CONSTRAINTS;
CREATE TABLE SCHEDULETEMPLATE (
	PROVIDER_NO VARCHAR(10),
	NAME VARCHAR(20),
	CONSTRAINT SCHEDULETEMPLATE_PK PRIMARY KEY (PROVIDER_NO,NAME),
	SUMMARY VARCHAR(80),
	TIMECODE VARCHAR(255)
);





DROP TABLE SCHEDULETEMPLATECODE CASCADE CONSTRAINTS;
CREATE TABLE SCHEDULETEMPLATECODE (
	CODE CHAR(1),
	DESCRIPTION VARCHAR(80),
	DURATION CHAR(3),
	COLOR VARCHAR(10),
	CONFIRM CHAR(3) DEFAULT 'No'
);

CREATE INDEX SCHEDULETEMPLATECODE_CODE ON SCHEDULETEMPLATECODE(CODE);

INSERT INTO SCHEDULETEMPLATECODE VALUES ('A','Academic','',NULL,'N');
INSERT INTO SCHEDULETEMPLATECODE VALUES ('B','Behavioral Science','15','#BFEFFF','N');
INSERT INTO SCHEDULETEMPLATECODE VALUES ('2','30 Minute Appointment','30','#BFEFFF','N');
INSERT INTO SCHEDULETEMPLATECODE VALUES ('3','45 Minute Appointment','45','#BFEFFF','N');
INSERT INTO SCHEDULETEMPLATECODE VALUES ('P','Phone time','15','#BFEFFF','N');
INSERT INTO SCHEDULETEMPLATECODE VALUES ('M','Monitoring','','EED2EE','N');
INSERT INTO SCHEDULETEMPLATECODE VALUES ('6','60 Minute Appointment','60','#BFEFFF','N');
INSERT INTO SCHEDULETEMPLATECODE VALUES ('C','Chart Audit Rounds','15',NULL,'N');
INSERT INTO SCHEDULETEMPLATECODE VALUES ('R','Rounds','15',NULL,'N');
INSERT INTO SCHEDULETEMPLATECODE VALUES ('E','Study Leave','15',NULL,'N');
INSERT INTO SCHEDULETEMPLATECODE VALUES ('V','Vacation','15','FFF68F','N');
INSERT INTO SCHEDULETEMPLATECODE VALUES ('G','PBSG Rounds','15',NULL,'N');
INSERT INTO SCHEDULETEMPLATECODE VALUES ('H','Hospital Rounds','15',NULL,'N');
INSERT INTO SCHEDULETEMPLATECODE VALUES ('d','Drug Rep (Chief)','15',NULL,'N');
INSERT INTO SCHEDULETEMPLATECODE VALUES ('U','Urgent','15',NULL,'N');
INSERT INTO SCHEDULETEMPLATECODE VALUES ('a','Administrative Work','15','#BFEFFF','N');
INSERT INTO SCHEDULETEMPLATECODE VALUES ('t','Travel','',NULL,'N');
INSERT INTO SCHEDULETEMPLATECODE VALUES ('m','Meeting','',NULL,'N');
INSERT INTO SCHEDULETEMPLATECODE VALUES ('1','15 Minute Appointment','15','#BFEFFF','N');
INSERT INTO SCHEDULETEMPLATECODE VALUES ('s','Same Day','15','FFF68F','N');
INSERT INTO SCHEDULETEMPLATECODE VALUES ('S','Same Day - R1','30','FFF68F','N');





DROP TABLE PROVIDERLABROUTING CASCADE CONSTRAINTS;
CREATE TABLE PROVIDERLABROUTING (
	PROVIDER_NO VARCHAR(10),
	LAB_NO NUMBER(10) DEFAULT 0,
	STATUS CHAR(1),
	COMMENT1 VARCHAR(255),
	TIMESTAMP DATE,
	LAB_TYPE CHAR(3) DEFAULT 'MDS',
	ID NUMBER(10),
	CONSTRAINT PROVIDERLABROUTING_PK PRIMARY KEY (ID)
);





DROP TABLE MESSAGELISTTBL CASCADE CONSTRAINTS;
CREATE TABLE MESSAGELISTTBL (
	MESSAGE NUMBER(10),
	PROVIDER_NO VARCHAR(10),
	STATUS VARCHAR(10),
	REMOTELOCATION NUMBER(10)
);





DROP TABLE OSCARCOMMLOCATIONS CASCADE CONSTRAINTS;
CREATE TABLE OSCARCOMMLOCATIONS (
	LOCATIONID NUMBER(10) DEFAULT 0,
	CONSTRAINT OSCARCOMMLOCATIONS_PK PRIMARY KEY (LOCATIONID),
	LOCATIONDESC VARCHAR(50),
	LOCATIONAUTH VARCHAR(30),
	CURRENT1 NUMBER(1) DEFAULT 0,
	ADDRESSBOOK CLOB,
	REMOTESERVERURL VARCHAR(30)
);





DROP TABLE TICKLER CASCADE CONSTRAINTS;
CREATE TABLE TICKLER (
	TICKLER_NO NUMBER(10),
	CONSTRAINT TICKLER_PK PRIMARY KEY (TICKLER_NO),
	DEMOGRAPHIC_NO NUMBER(10) DEFAULT 0,
	MESSAGE CLOB,
	STATUS CHAR(1),
	UPDATE_DATE DATE,
	SERVICE_DATE DATE,
	CREATOR VARCHAR(10),
	PRIORITY VARCHAR(6) DEFAULT 'Normal',
	TASK_ASSIGNED_TO VARCHAR(255)
);





DROP TABLE SCRATCH_PAD CASCADE CONSTRAINTS;
CREATE TABLE SCRATCH_PAD (
	ID NUMBER(10),
	CONSTRAINT SCRATCH_PAD_PK PRIMARY KEY (ID),
	PROVIDER_NO VARCHAR(10),
	DATE_TIME DATE,
	SCRATCH_TEXT CLOB
);





DROP TABLE INTAKE_NODE_LABEL CASCADE CONSTRAINTS;
CREATE TABLE INTAKE_NODE_LABEL (
	INTAKE_NODE_LABEL_ID NUMBER(10),
	CONSTRAINT INTAKE_NODE_LABEL_PK PRIMARY KEY (INTAKE_NODE_LABEL_ID),
	LBL CLOB
);

INSERT INTO INTAKE_NODE_LABEL VALUES (1, NULL);
INSERT INTO INTAKE_NODE_LABEL VALUES (2, 'Registration Intake');
INSERT INTO INTAKE_NODE_LABEL VALUES (3, 'Follow-up Intake'); 
INSERT INTO INTAKE_NODE_LABEL VALUES (4, 'Page');
INSERT INTO INTAKE_NODE_LABEL VALUES (5, 'Section');
INSERT INTO INTAKE_NODE_LABEL VALUES (6, 'Question');
INSERT INTO INTAKE_NODE_LABEL VALUES (7, 'Compound Answer');
INSERT INTO INTAKE_NODE_LABEL VALUES (8, 'Boolean');
INSERT INTO INTAKE_NODE_LABEL VALUES (9, 'String');
INSERT INTO INTAKE_NODE_LABEL VALUES (10, 'Date');
INSERT INTO INTAKE_NODE_LABEL VALUES (11, 'Integer');
INSERT INTO INTAKE_NODE_LABEL VALUES (12, 'Email');
INSERT INTO INTAKE_NODE_LABEL VALUES (13, 'Phone');
INSERT INTO INTAKE_NODE_LABEL VALUES (14, 'Note');
INSERT INTO INTAKE_NODE_LABEL VALUES (15, 'Program Intake');





DROP TABLE INTAKE_NODE_TYPE CASCADE CONSTRAINTS;
CREATE TABLE INTAKE_NODE_TYPE (
	INTAKE_NODE_TYPE_ID NUMBER(10),
	CONSTRAINT INTAKE_NODE_TYPE_PK PRIMARY KEY (INTAKE_NODE_TYPE_ID),
	TYPE VARCHAR(255)
);

INSERT INTO INTAKE_NODE_TYPE VALUES (1, 'intake');
INSERT INTO INTAKE_NODE_TYPE VALUES (2, 'page');
INSERT INTO INTAKE_NODE_TYPE VALUES (3, 'section');
INSERT INTO INTAKE_NODE_TYPE VALUES (4, 'question');
INSERT INTO INTAKE_NODE_TYPE VALUES (5, 'answer compound');
INSERT INTO INTAKE_NODE_TYPE VALUES (6, 'answer scalar choice');
INSERT INTO INTAKE_NODE_TYPE VALUES (7, 'answer scalar text');
INSERT INTO INTAKE_NODE_TYPE VALUES (8, 'answer scalar note');





DROP TABLE INTAKE_NODE_TEMPLATE CASCADE CONSTRAINTS;
CREATE TABLE INTAKE_NODE_TEMPLATE (
	INTAKE_NODE_TEMPLATE_ID NUMBER(10),
	CONSTRAINT INTAKE_NODE_TEMPLATE_PK PRIMARY KEY (INTAKE_NODE_TEMPLATE_ID),
	REMOTE_INTAKE_NODE_TEMPLATE_ID NUMBER(10),
	INTAKE_NODE_TYPE_ID NUMBER(10),
	INTAKE_NODE_LABEL_ID NUMBER(10),
	CONSTRAINT INTAKE_NODE_TEMPLATE_FK_1 FOREIGN KEY (INTAKE_NODE_LABEL_ID) REFERENCES INTAKE_NODE_LABEL (INTAKE_NODE_LABEL_ID),
	CONSTRAINT INTAKE_NODE_TEMPLATE_FK_2 FOREIGN KEY (INTAKE_NODE_TYPE_ID) REFERENCES INTAKE_NODE_TYPE (INTAKE_NODE_TYPE_ID)
);

CREATE INDEX INTAKE_NODE_TEMPLATE_INDEX_1 ON INTAKE_NODE_TEMPLATE(INTAKE_NODE_TYPE_ID);
CREATE INDEX INTAKE_NODE_TEMPLATE_INDEX_2 ON INTAKE_NODE_TEMPLATE(INTAKE_NODE_LABEL_ID);

INSERT INTO INTAKE_NODE_TEMPLATE VALUES (1, 1, 1, 2);
INSERT INTO INTAKE_NODE_TEMPLATE VALUES (2, 2, 1, 3);
INSERT INTO INTAKE_NODE_TEMPLATE VALUES (3, 3, 2, 4);
INSERT INTO INTAKE_NODE_TEMPLATE VALUES (4, 4, 3, 5);
INSERT INTO INTAKE_NODE_TEMPLATE VALUES (5, 5, 4, 6);
INSERT INTO INTAKE_NODE_TEMPLATE VALUES (6, 6, 5, 7);
INSERT INTO INTAKE_NODE_TEMPLATE VALUES (7, 7, 6, 8);
INSERT INTO INTAKE_NODE_TEMPLATE VALUES (8, 8, 7, 9);
INSERT INTO INTAKE_NODE_TEMPLATE VALUES (9, 9, 7, 10);
INSERT INTO INTAKE_NODE_TEMPLATE VALUES (10, 10, 7, 11);
INSERT INTO INTAKE_NODE_TEMPLATE VALUES (11, 11, 7, 12);
INSERT INTO INTAKE_NODE_TEMPLATE VALUES (12, 12, 7, 13);
INSERT INTO INTAKE_NODE_TEMPLATE VALUES (13, 13, 8, 14);
INSERT INTO INTAKE_NODE_TEMPLATE VALUES (14, 14, 1, 15);





DROP TABLE INTAKE_NODE CASCADE CONSTRAINTS;
CREATE TABLE INTAKE_NODE (
	INTAKE_NODE_ID NUMBER(10),
	CONSTRAINT INTAKE_NODE_PK PRIMARY KEY (INTAKE_NODE_ID),
	INTAKE_NODE_TEMPLATE_ID NUMBER(10),
	INTAKE_NODE_LABEL_ID NUMBER(10),
	POS NUMBER(10) DEFAULT 0,
	PARENT_INTAKE_NODE_ID NUMBER(10),
	CONSTRAINT INTAKE_NODE_FK_1 FOREIGN KEY (INTAKE_NODE_TEMPLATE_ID) REFERENCES INTAKE_NODE_TEMPLATE (INTAKE_NODE_TEMPLATE_ID),
	CONSTRAINT INTAKE_NODE_FK_2 FOREIGN KEY (INTAKE_NODE_LABEL_ID) REFERENCES INTAKE_NODE_LABEL (INTAKE_NODE_LABEL_ID),
	CONSTRAINT INTAKE_NODE_FK_3 FOREIGN KEY (PARENT_INTAKE_NODE_ID) REFERENCES INTAKE_NODE (INTAKE_NODE_ID)
);

CREATE INDEX INTAKE_NODE_INDEX_1 ON INTAKE_NODE(INTAKE_NODE_TEMPLATE_ID);
CREATE INDEX INTAKE_NODE_INDEX_2 ON INTAKE_NODE(INTAKE_NODE_LABEL_ID);
CREATE INDEX INTAKE_NODE_INDEX_3 ON INTAKE_NODE(PARENT_INTAKE_NODE_ID);

INSERT INTO INTAKE_NODE VALUES (1, 1, NULL, 0, NULL);
INSERT INTO INTAKE_NODE VALUES (2, 2, NULL, 0, NULL);





DROP TABLE INTAKE_ANSWER_VALIDATION CASCADE CONSTRAINTS;
CREATE TABLE INTAKE_ANSWER_VALIDATION (
	INTAKE_ANSWER_VALIDATION_ID NUMBER(10),
	CONSTRAINT INTAKE_ANSWER_VALIDATION_PK PRIMARY KEY (INTAKE_ANSWER_VALIDATION_ID),
	TYPE VARCHAR(255)
);

INSERT INTO INTAKE_ANSWER_VALIDATION VALUES (1, 'date');
INSERT INTO INTAKE_ANSWER_VALIDATION VALUES (2, 'integer');
INSERT INTO INTAKE_ANSWER_VALIDATION VALUES (3, 'email');
INSERT INTO INTAKE_ANSWER_VALIDATION VALUES (4, 'phone');





DROP TABLE INTAKE_ANSWER_ELEMENT CASCADE CONSTRAINTS;
CREATE TABLE INTAKE_ANSWER_ELEMENT (
	INTAKE_ANSWER_ELEMENT_ID NUMBER(10),
	CONSTRAINT INTAKE_ANSWER_ELEMENT_PK PRIMARY KEY (INTAKE_ANSWER_ELEMENT_ID),
	INTAKE_NODE_TEMPLATE_ID NUMBER(10),
	INTAKE_ANSWER_VALIDATION_ID NUMBER(10),
	DFLT NUMBER(1) DEFAULT 0,
	ELEMENT VARCHAR(255),
	CONSTRAINT INTAKE_ANSWER_ELEMENT_FK_1 FOREIGN KEY (INTAKE_NODE_TEMPLATE_ID) REFERENCES INTAKE_NODE_TEMPLATE (INTAKE_NODE_TEMPLATE_ID),
	CONSTRAINT INTAKE_ANSWER_ELEMENT_FK_2 FOREIGN KEY (INTAKE_ANSWER_VALIDATION_ID) REFERENCES INTAKE_ANSWER_VALIDATION (INTAKE_ANSWER_VALIDATION_ID)
);

CREATE INDEX INTAKE_ANSWER_ELEMENT_INDEX_1 ON INTAKE_ANSWER_ELEMENT(INTAKE_NODE_TEMPLATE_ID);
CREATE INDEX INTAKE_ANSWER_ELEMENT_INDEX_2 ON INTAKE_ANSWER_ELEMENT(INTAKE_ANSWER_VALIDATION_ID);

INSERT INTO INTAKE_ANSWER_ELEMENT VALUES (1, 7, NULL, 0, 'T');
INSERT INTO INTAKE_ANSWER_ELEMENT VALUES (2, 7, NULL, 1, 'F');
INSERT INTO INTAKE_ANSWER_ELEMENT VALUES (3, 8, NULL, 0, NULL);
INSERT INTO INTAKE_ANSWER_ELEMENT VALUES (4, 9, 1, 0, NULL);
INSERT INTO INTAKE_ANSWER_ELEMENT VALUES (5, 10, 2, 0, NULL);
INSERT INTO INTAKE_ANSWER_ELEMENT VALUES (6, 11, 3, 0, NULL);
INSERT INTO INTAKE_ANSWER_ELEMENT VALUES (7, 12, 4, 0, NULL);
INSERT INTO INTAKE_ANSWER_ELEMENT VALUES (8, 13, NULL, 0, NULL);





DROP TABLE INTAKE CASCADE CONSTRAINTS;
CREATE TABLE INTAKE (
	INTAKE_ID NUMBER(10),
	CONSTRAINT INTAKE_PK PRIMARY KEY (INTAKE_ID),
	INTAKE_NODE_ID NUMBER(10),
	CLIENT_ID NUMBER(10),
	STAFF_ID VARCHAR(10),
	CREATION_DATE DATE,
	CONSTRAINT INTAKE_INTAKE_NODE_ID_FK FOREIGN KEY (INTAKE_NODE_ID) REFERENCES INTAKE_NODE (INTAKE_NODE_ID)
);

CREATE INDEX INTAKE_INTAKE_NODE_ID ON INTAKE(INTAKE_NODE_ID);
CREATE INDEX INTAKE_CLIENT_ID_CREATION_DATE ON INTAKE(CLIENT_ID,CREATION_DATE);





DROP TABLE INTAKE_ANSWER CASCADE CONSTRAINTS;
CREATE TABLE INTAKE_ANSWER (
	INTAKE_ANSWER_ID NUMBER(10),
	CONSTRAINT INTAKE_ANSWER_PK PRIMARY KEY (INTAKE_ANSWER_ID),
	INTAKE_ID NUMBER(10),
	INTAKE_NODE_ID NUMBER(10),
	VAL CLOB,
	CONSTRAINT INTAKE_ANSWER_INTAKE_ID FOREIGN KEY (INTAKE_ID) REFERENCES INTAKE (INTAKE_ID),
	CONSTRAINT INTAKE_ANSWER_INTAKE_NODE_ID FOREIGN KEY (INTAKE_NODE_ID) REFERENCES INTAKE_NODE (INTAKE_NODE_ID)
);

CREATE INDEX INTAKE_ANSWER_INTAKE_ID ON INTAKE_ANSWER(INTAKE_ID);
CREATE INDEX INTAKE_ANSWER_INTAKE_NODE_ID ON INTAKE_ANSWER(INTAKE_NODE_ID);





DROP TABLE ISSUE CASCADE CONSTRAINTS;
CREATE TABLE ISSUE (
	ISSUE_ID NUMBER(10),
	CONSTRAINT ISSUE_PK PRIMARY KEY (ISSUE_ID),
	CODE VARCHAR(20),
	DESCRIPTION VARCHAR(255),
	ROLE VARCHAR(100),
	UPDATE_DATE DATE,
	PRIORITY CHAR(10)
);





DROP TABLE ICD10 CASCADE CONSTRAINTS;
CREATE TABLE ICD10 (
	CODE VARCHAR(10),
	CONSTRAINT ICD10_PK PRIMARY KEY (CODE),
	SHORT_DESC VARCHAR(40),
	LONG_DESC VARCHAR(255)
);





DROP TABLE PROGRAM_QUEUE CASCADE CONSTRAINTS;
CREATE TABLE PROGRAM_QUEUE (
	QUEUE_ID NUMBER(10),
	CONSTRAINT PROGRAM_QUEUE_PK PRIMARY KEY (QUEUE_ID),
	AGENCY_ID NUMBER(10) DEFAULT 0,
	CLIENT_ID NUMBER(10) DEFAULT 0,
	REFERRAL_DATE DATE,
	PROVIDER_NO NUMBER(10) DEFAULT 0,
	NOTES VARCHAR(255),
	PROGRAM_ID NUMBER(10) DEFAULT 0,
	STATUS VARCHAR(30),
	REFERRAL_ID NUMBER(10),
	TEMPORARY_ADMISSION_FLAG NUMBER(1),
	PRESENT_PROBLEMS VARCHAR(255)
);





DROP TABLE PROGRAM_PROVIDER_TEAM CASCADE CONSTRAINTS;
CREATE TABLE PROGRAM_PROVIDER_TEAM (
	ID NUMBER(10) DEFAULT 0,
	ELT NUMBER(10) DEFAULT 0,
	CONSTRAINT PROGRAM_PROVIDER_TEAM_PK PRIMARY KEY (ID,ELT)
);

CREATE INDEX PROGRAM_PROVIDER_TEAM_ELT ON PROGRAM_PROVIDER_TEAM(ELT);





DROP TABLE PROGRAM_TEAM CASCADE CONSTRAINTS;
CREATE TABLE PROGRAM_TEAM (
	TEAM_ID NUMBER(10),
	CONSTRAINT PROGRAM_TEAM_PK PRIMARY KEY (TEAM_ID),
	NAME VARCHAR(255),
	PROGRAM_ID NUMBER(10)
);





DROP TABLE PMM_LOG CASCADE CONSTRAINTS;
CREATE TABLE PMM_LOG (
	ID NUMBER(10),
	CONSTRAINT PMM_LOG_PK PRIMARY KEY (ID),
	PROVIDER_NO VARCHAR(255),
	DATETIME DATE,
	ACTION VARCHAR(20),
	CONTENTID VARCHAR(80),
	CONTENT VARCHAR(80),
	IP VARCHAR(30)
);





DROP TABLE PROGRAM_CLIENTSTATUS CASCADE CONSTRAINTS;
CREATE TABLE PROGRAM_CLIENTSTATUS (
	CLIENTSTATUS_ID NUMBER(10),
	CONSTRAINT PROGRAM_CLIENTSTATUS_PK PRIMARY KEY (CLIENTSTATUS_ID),
	NAME VARCHAR(255),
	PROGRAM_ID NUMBER(10),
	DESCRIPTION VARCHAR(255),
	BLOCK_REFERRAL NUMBER(1) DEFAULT 0
);





DROP TABLE TICKLER_UPDATE CASCADE CONSTRAINTS;
CREATE TABLE TICKLER_UPDATE (
	ID NUMBER(10),
	CONSTRAINT TICKLER_UPDATE_PK PRIMARY KEY (ID),
	TICKLER_NO NUMBER(10),
	STATUS CHAR(1),
	PROVIDER_NO VARCHAR(10),
	UPDATE_DATE DATE
);





DROP TABLE TICKLER_COMMENTS CASCADE CONSTRAINTS;
CREATE TABLE TICKLER_COMMENTS (
	ID NUMBER(10),
	CONSTRAINT TICKLER_COMMENTS_PK PRIMARY KEY (ID),
	TICKLER_NO NUMBER(10),
	MESSAGE CLOB,
	PROVIDER_NO VARCHAR(10),
	UPDATE_DATE DATE
);





DROP TABLE DEMOGRAPHICEXT CASCADE CONSTRAINTS;
CREATE TABLE DEMOGRAPHICEXT (
	ID NUMBER(10),
	CONSTRAINT DEMOGRAPHICEXT_PK PRIMARY KEY (ID),
	DEMOGRAPHIC_NO NUMBER(10),
	PROVIDER_NO VARCHAR(10),
	KEY_VAL VARCHAR(10),
	VALUE CLOB,
	DATE_TIME DATE,
	HIDDEN CHAR(1) DEFAULT '0'
);

CREATE INDEX DEMOGRAPHICEXT_INDEX_1 ON DEMOGRAPHICEXT(DEMOGRAPHIC_NO);


DROP TABLE DEMOGRAPHICSTUDY CASCADE CONSTRAINTS;
CREATE TABLE DEMOGRAPHICSTUDY (
  DEMOGRAPHIC_NO NUMBER(10) NOT NULL,
  STUDY_NO NUMBER(3) NOT NULL,
  PROVIDER_NO VARCHAR(6),
  TIMESTAMP DATE,
  CONSTRAINT DEMOGRAPHICSTUDY_PK PRIMARY KEY(DEMOGRAPHIC_NO, STUDY_NO)
);




DROP TABLE CONSENT CASCADE CONSTRAINTS;
CREATE TABLE CONSENT (
	ID NUMBER(10),
	CONSTRAINT CONSENT_PK PRIMARY KEY (ID),
	DEMOGRAPHIC_NO NUMBER(10)  DEFAULT 0,
	PROVIDER_NO VARCHAR(255),
	PROVIDER_NAME VARCHAR(255),
	DATE_SIGNED DATE,
	ANSWER_1 NUMBER(10),
	ANSWER_2 NUMBER(10),
	ANSWER_3 NUMBER(10),
	STATUS VARCHAR(255),
	HARDCOPY NUMBER(1),
	LOCATION VARCHAR(255),
	FORM_NAME VARCHAR(255),
	FORM_VERSION VARCHAR(255),
	SIGNATURE_DECLARATION NUMBER(1),
	EXCLUSIONS VARCHAR(255),
	REFUSED NUMBER(1)
);





DROP TABLE CASEMGMT_TMPSAVE CASCADE CONSTRAINTS;
CREATE TABLE CASEMGMT_TMPSAVE (
	ID NUMBER(10),
	CONSTRAINT CASEMGMT_TMPSAVE_PK PRIMARY KEY (ID),
	DEMOGRAPHIC_NO NUMBER(10),
	PROVIDER_NO VARCHAR(255),
	PROGRAM_ID NUMBER(10),
	NOTE CLOB,
	UPDATE_DATE DATE
);

DROP TABLE CASEMGMT_ISSUE CASCADE CONSTRAINTS;
CREATE TABLE casemgmt_issue (
    ID NUMBER(10),
    CONSTRAINT CASEMGMT_ISSUE PRIMARY KEY (ID),
    DEMOGRAPHIC_NO VARCHAR(10),
    ISSUE_ID NUMBER(10) default 0,
    ACUTE NUMBER(1) DEFAULT 0,
    CERTAIN NUMBER(1) DEFAULT 0,
    MAJOR NUMBER(1) DEFAULT 0,
    RESOLVED NUMBER(1) DEFAULT 0,
    TYPE VARCHAR(100),
    UPDATE_DATE DATE
);
CREATE INDEX CASEMGMT_ISSUE_ISSUE_IDX ON CASEMGMT_ISSUE(ISSUE_ID);

DROP TABLE CLIENT_IMAGE CASCADE CONSTRAINTS;
CREATE TABLE CLIENT_IMAGE (
	IMAGE_ID NUMBER(10),
	CONSTRAINT CLIENT_IMAGE_PK PRIMARY KEY (IMAGE_ID),
	DEMOGRAPHIC_NO NUMBER(10),
	IMAGE_TYPE VARCHAR(255),
	IMAGE_DATA BLOB,
	UPDATE_DATE DATE
);





DROP TABLE CLIENT_REFERRAL CASCADE CONSTRAINTS;
CREATE TABLE CLIENT_REFERRAL (
	REFERRAL_ID NUMBER(10),
	CONSTRAINT CLIENT_REFERRAL_PK PRIMARY KEY (REFERRAL_ID),
	AGENCY_ID NUMBER(10) DEFAULT 0,
	CLIENT_ID NUMBER(10) DEFAULT 0,
	REFERRAL_DATE DATE,
	PROVIDER_NO NUMBER(10) DEFAULT 0,
	NOTES VARCHAR(255),
	PROGRAM_ID NUMBER(10) DEFAULT 0,
	STATUS VARCHAR(30),
	COMPLETION_NOTES VARCHAR(255),
	TEMPORARY_ADMISSION_FLAG NUMBER(1),
	COMPLETION_DATE DATE,
	SOURCE_AGENCY_ID NUMBER(10),
	PRESENT_PROBLEMS VARCHAR(255),
	RADIOREJECTIONREASON VARCHAR(10) DEFAULT '0'
);





DROP TABLE BED_DEMOGRAPHIC CASCADE CONSTRAINTS;
CREATE TABLE BED_DEMOGRAPHIC (
	BED_ID NUMBER(10),
	CONSTRAINT BED_DEMOGRAPHIC_UK1 UNIQUE (BED_ID),
	DEMOGRAPHIC_NO NUMBER(10),
	CONSTRAINT BED_DEMOGRAPHIC_UK2 UNIQUE (DEMOGRAPHIC_NO),
	CONSTRAINT BED_DEMOGRAPHIC_PK PRIMARY KEY (BED_ID,DEMOGRAPHIC_NO),
	BED_DEMOGRAPHIC_STATUS_ID NUMBER(10) DEFAULT 1,
	PROVIDER_NO VARCHAR(10),
	LATE_PASS NUMBER(1) DEFAULT 0,
	RESERVATION_START DATE,
	RESERVATION_END DATE
);





DROP TABLE BED CASCADE CONSTRAINTS;
CREATE TABLE BED (
	BED_ID NUMBER(10),
	CONSTRAINT BED_PK PRIMARY KEY (BED_ID),
	BED_TYPE_ID NUMBER(10) DEFAULT 1,
	ROOM_ID NUMBER(10) DEFAULT NULL,
	FACILITY_ID NUMBER(10) DEFAULT 0,
	ROOM_START DATE,
	TEAM_ID NUMBER(10) DEFAULT NULL,
	NAME VARCHAR(45),
	ACTIVE NUMBER(1) DEFAULT 1
);





DROP TABLE BED_CHECK_TIME CASCADE CONSTRAINTS;
CREATE TABLE BED_CHECK_TIME (
	BED_CHECK_TIME_ID NUMBER(10),
	CONSTRAINT BED_CHECK_TIME_PK PRIMARY KEY (BED_CHECK_TIME_ID),
	PROGRAM_ID NUMBER(10),
	BED_CHECK_TIME DATE,
	CONSTRAINT BED_CHECK_TIME_UK1 UNIQUE (PROGRAM_ID,BED_CHECK_TIME)
);





DROP TABLE BED_DEMOGRAPHIC_HISTORICAL CASCADE CONSTRAINTS;
CREATE TABLE BED_DEMOGRAPHIC_HISTORICAL (
	BED_ID NUMBER(10),
	DEMOGRAPHIC_NO NUMBER(10),
	USAGE_START DATE,
	CONSTRAINT BED_DEMOGRAPHIC_HISTORICAL_PK PRIMARY KEY (BED_ID,DEMOGRAPHIC_NO,USAGE_START),
	USAGE_END DATE
);





DROP TABLE BED_DEMOGRAPHIC_STATUS CASCADE CONSTRAINTS;
CREATE TABLE BED_DEMOGRAPHIC_STATUS (
	BED_DEMOGRAPHIC_STATUS_ID NUMBER(10),
	CONSTRAINT BED_DEMOGRAPHIC_STATUS_PK PRIMARY KEY (BED_DEMOGRAPHIC_STATUS_ID),
	NAME VARCHAR(45),
	DURATION NUMBER(10) DEFAULT 0,
	DFLT NUMBER(1) DEFAULT 0
);

INSERT INTO BED_DEMOGRAPHIC_STATUS VALUES (1, 'N/A', 0, 1);




DROP TABLE BED_TYPE CASCADE CONSTRAINTS;
CREATE TABLE BED_TYPE (
	BED_TYPE_ID NUMBER(10),
	CONSTRAINT BED_TYPE_PK PRIMARY KEY (BED_TYPE_ID),
	NAME VARCHAR(45),
	DFLT NUMBER(1) DEFAULT 0
);

INSERT INTO BED_TYPE VALUES (1, 'N/A', 1);





DROP TABLE CAISI_FORM_DATA CASCADE CONSTRAINTS;
CREATE TABLE CAISI_FORM_DATA (
	ID NUMBER(10),
	CONSTRAINT CAISI_FORM_DATA_PK PRIMARY KEY (ID),
	INSTANCE_ID NUMBER(10),
	PAGE_NUMBER NUMBER(10),
	SECTION_ID NUMBER(10),
	QUESTION_ID NUMBER(10),
	VALUE CLOB,
	DATA_KEY VARCHAR(255)
);

CREATE INDEX CAISI_FORM_DATA_INDEX_1 ON CAISI_FORM_DATA(INSTANCE_ID);





DROP TABLE CAISI_FORM CASCADE CONSTRAINTS;
CREATE TABLE CAISI_FORM (
	FORM_ID NUMBER(10),
	CONSTRAINT CAISI_FORM_PK PRIMARY KEY (FORM_ID),
	DESCRIPTION VARCHAR(255),
	SURVEYDATA CLOB,
	STATUS NUMBER(6),
	VERSION NUMBER(10) DEFAULT 0
);





DROP TABLE CAISI_FORM_INSTANCE CASCADE CONSTRAINTS;
CREATE TABLE CAISI_FORM_INSTANCE (
	ID NUMBER(10),
	CONSTRAINT CAISI_FORM_INSTANCE_PK PRIMARY KEY (ID),
	FORM_ID NUMBER(10),
	DESCRIPTION VARCHAR(255),
	DATE_CREATED DATE,
	USER_ID NUMBER(10),
	USERNAME VARCHAR(255),
	CLIENT_ID NUMBER(10)
);





DROP TABLE CAISI_ROLE CASCADE CONSTRAINTS;
CREATE TABLE CAISI_ROLE (
	ROLE_ID NUMBER(10),
	CONSTRAINT CAISI_ROLE_PK PRIMARY KEY (ROLE_ID),
	NAME VARCHAR(255),
	OSCAR_NAME VARCHAR(255),
	UPDATE_DATE DATE
);

INSERT INTO CAISI_ROLE VALUES (1,'doctor',NULL,SYSDATE);
INSERT INTO CAISI_ROLE VALUES (2,'nurse',NULL,SYSDATE);
INSERT INTO CAISI_ROLE VALUES (3,'counsellor',NULL,SYSDATE);
INSERT INTO CAISI_ROLE VALUES (4,'csw',NULL,SYSDATE);





DROP TABLE PROGRAMSIGNATURE CASCADE CONSTRAINTS;
CREATE TABLE PROGRAMSIGNATURE (
	ID NUMBER(10),
	CONSTRAINT PROGRAMSIGNATURE_PK PRIMARY KEY (ID),
	PROGRAMID NUMBER(10) DEFAULT 0, 	 
	PROGRAMNAME VARCHAR(70),
	PROVIDERID VARCHAR(10) DEFAULT '0',
	PROVIDERNAME VARCHAR(60),
	CAISIROLENAME VARCHAR(255),
	UPDATEDATE DATE
);





DROP TABLE FUNCTIONAL_USER_TYPE CASCADE CONSTRAINTS;
CREATE TABLE FUNCTIONAL_USER_TYPE (
	ID NUMBER(10),
	CONSTRAINT FUNCTIONAL_USER_TYPE_PK PRIMARY KEY (ID),
	NAME VARCHAR(255)
);





DROP TABLE PROGRAM_FUNCTIONAL_USER CASCADE CONSTRAINTS;
CREATE TABLE PROGRAM_FUNCTIONAL_USER (
	ID NUMBER(10),
	CONSTRAINT PROGRAM_FUNCTIONAL_USER_PK PRIMARY KEY (ID),
	PROGRAM_ID NUMBER(10),
	USER_TYPE_ID NUMBER(10),
	PROVIDER_NO NUMBER(10)
);

CREATE INDEX P_F_U_INDEX_1 ON PROGRAM_FUNCTIONAL_USER(USER_TYPE_ID);
CREATE INDEX P_F_U_INDEX_2 ON PROGRAM_FUNCTIONAL_USER(PROVIDER_NO);





DROP TABLE PROGRAM_ACCESS CASCADE CONSTRAINTS;
CREATE TABLE PROGRAM_ACCESS (
	ID NUMBER(10),
	CONSTRAINT PROGRAM_ACCESS_PK PRIMARY KEY (ID),
	PROGRAM_ID NUMBER(10),
	ACCESS_TYPE_ID VARCHAR(255),
	ALL_ROLES NUMBER(1)
);

CREATE INDEX PROGRAM_ACCESS_INDEX_1 ON PROGRAM_ACCESS(ACCESS_TYPE_ID);






DROP TABLE PROGRAM_ACCESS_ROLES CASCADE CONSTRAINTS;
CREATE TABLE PROGRAM_ACCESS_ROLES (
	ID NUMBER(10) DEFAULT 0,
	ROLE_ID NUMBER(10) DEFAULT 0,
	CONSTRAINT PROGRAM_ACCESS_ROLES_PK PRIMARY KEY (ID,ROLE_ID)
);

CREATE INDEX PROGRAM_ACCESS_ROLES_INDEX_1 ON PROGRAM_ACCESS_ROLES(ID);
CREATE INDEX PROGRAM_ACCESS_ROLES_INDEX_2 ON PROGRAM_ACCESS_ROLES(ROLE_ID);





DROP TABLE ACCESS_TYPE CASCADE CONSTRAINTS;
CREATE TABLE ACCESS_TYPE (
	ACCESS_ID NUMBER(10),
	CONSTRAINT ACCESS_TYPE_PK PRIMARY KEY (ACCESS_ID),
	NAME VARCHAR(255),
	TYPE VARCHAR(255)
);

INSERT INTO ACCESS_TYPE VALUES (1,'write doctor issues','access');
INSERT INTO ACCESS_TYPE VALUES (2,'read doctor issues','access');
INSERT INTO ACCESS_TYPE VALUES (3,'read doctor notes','access');
INSERT INTO ACCESS_TYPE VALUES (4,'write nurse issues','access');
INSERT INTO ACCESS_TYPE VALUES (5,'read nurse issues','access');
INSERT INTO ACCESS_TYPE VALUES (6,'read nurse notes','access');
INSERT INTO ACCESS_TYPE VALUES (7,'write counsellor issues','access');
INSERT INTO ACCESS_TYPE VALUES (8,'read counsellor issues','access');
INSERT INTO ACCESS_TYPE VALUES (9,'read counsellor notes','access');
INSERT INTO ACCESS_TYPE VALUES (10,'write csw issues','access');
INSERT INTO ACCESS_TYPE VALUES (11,'read csw issues','access');
INSERT INTO ACCESS_TYPE VALUES (12,'read csw notes','access');

INSERT INTO ACCESS_TYPE VALUES (13,'Write Ticklers','Action');
INSERT INTO ACCESS_TYPE VALUES (14,'prescription Write','access');
INSERT INTO ACCESS_TYPE VALUES (15,'billing','access');
INSERT INTO ACCESS_TYPE VALUES (16,'medical encounter','access');
INSERT INTO ACCESS_TYPE VALUES (17,'immunization','access');
INSERT INTO ACCESS_TYPE VALUES (18,'prevention','access');
INSERT INTO ACCESS_TYPE VALUES (19,'oscarcomm','access');
INSERT INTO ACCESS_TYPE VALUES (20,'disease registry','access');
INSERT INTO ACCESS_TYPE VALUES (21,'medical form','access');
INSERT INTO ACCESS_TYPE VALUES (22,'measurements','access');
INSERT INTO ACCESS_TYPE VALUES (23,'eform','access');
INSERT INTO ACCESS_TYPE VALUES (24,'lab','access');
INSERT INTO ACCESS_TYPE VALUES (25,'prescription Read','access');
INSERT INTO ACCESS_TYPE VALUES (26,'read ticklers','access');
INSERT INTO ACCESS_TYPE VALUES (27,'master file','access');





DROP TABLE FACILITY CASCADE CONSTRAINTS;
CREATE TABLE FACILITY (
	ID NUMBER(10),
	CONSTRAINT FACILITY_PK PRIMARY KEY (ID),
	AGENCY_ID NUMBER(10),
	CONSTRAINT FK_FACILITY_AGENCY FOREIGN KEY (AGENCY_ID) REFERENCES AGENCY (ID),
	NAME VARCHAR(32),
	CONSTRAINT FACILITY_UK1 UNIQUE (NAME),
	DESCRIPTION VARCHAR(255),
	DISABLED NUMBER(1) DEFAULT 0
);

INSERT INTO FACILITY (ID, NAME, DESCRIPTION, DISABLED) VALUES (1, 'Default Facility', 'Default facility, please modify with a more appropriate name and description', 0);





DROP TABLE ROOM CASCADE CONSTRAINTS;
CREATE TABLE ROOM (
	ROOM_ID NUMBER(10),
	CONSTRAINT ROOM_PK PRIMARY KEY (ROOM_ID),
	ROOM_TYPE_ID NUMBER(10) DEFAULT 1,
	PROGRAM_ID NUMBER(10),
	NAME VARCHAR(45),
	FLOOR VARCHAR(45),
	ACTIVE NUMBER(1) DEFAULT 1,
	FACILITY_ID NUMBER(10),
	CONSTRAINT FK_ROOM_FACILITY FOREIGN KEY (FACILITY_ID) REFERENCES FACILITY (ID)
);





DROP TABLE ROOM_BED_HISTORICAL CASCADE CONSTRAINTS;
CREATE TABLE ROOM_BED_HISTORICAL (
	ROOM_ID NUMBER(10),
	BED_ID NUMBER(10),
	CONTAIN_START DATE,
	CONSTRAINT ROOM_BED_HISTORICAL_PK PRIMARY KEY (ROOM_ID,BED_ID,CONTAIN_START),
	CONTAIN_END DATE
);





DROP TABLE ROOM_TYPE CASCADE CONSTRAINTS;
CREATE TABLE ROOM_TYPE (
	ROOM_TYPE_ID NUMBER(10),
	CONSTRAINT ROOM_TYPE_ID_PK PRIMARY KEY (ROOM_TYPE_ID),
	NAME VARCHAR(45),
	DFLT NUMBER(1) DEFAULT 0
);





DROP TABLE DEFAULT_ROLE_ACCESS CASCADE CONSTRAINTS;
CREATE TABLE DEFAULT_ROLE_ACCESS (
	ID NUMBER(10),
	CONSTRAINT DEFAULT_ROLE_ACCESS_PK PRIMARY KEY (ID),
	ROLE_ID NUMBER(10) DEFAULT 0,
	ACCESS_ID NUMBER(10) DEFAULT 0
);

INSERT INTO DEFAULT_ROLE_ACCESS VALUES (1, (SELECT ROLE_ID FROM CAISI_ROLE WHERE NAME='doctor'),(SELECT ACCESS_ID FROM ACCESS_TYPE WHERE NAME='Write Ticklers'));
INSERT INTO DEFAULT_ROLE_ACCESS VALUES (2, (SELECT ROLE_ID FROM CAISI_ROLE WHERE NAME='doctor'),(SELECT ACCESS_ID FROM ACCESS_TYPE WHERE NAME='prescription Write'));
INSERT INTO DEFAULT_ROLE_ACCESS VALUES (3, (SELECT ROLE_ID FROM CAISI_ROLE WHERE NAME='doctor'),(SELECT ACCESS_ID FROM ACCESS_TYPE WHERE NAME='billing'));
INSERT INTO DEFAULT_ROLE_ACCESS VALUES (4, (SELECT ROLE_ID FROM CAISI_ROLE WHERE NAME='doctor'),(SELECT ACCESS_ID FROM ACCESS_TYPE WHERE NAME='medical encounter'));
INSERT INTO DEFAULT_ROLE_ACCESS VALUES (5, (SELECT ROLE_ID FROM CAISI_ROLE WHERE NAME='doctor'),(SELECT ACCESS_ID FROM ACCESS_TYPE WHERE NAME='immunization'));
INSERT INTO DEFAULT_ROLE_ACCESS VALUES (6, (SELECT ROLE_ID FROM CAISI_ROLE WHERE NAME='doctor'),(SELECT ACCESS_ID FROM ACCESS_TYPE WHERE NAME='prevention'));
INSERT INTO DEFAULT_ROLE_ACCESS VALUES (7, (SELECT ROLE_ID FROM CAISI_ROLE WHERE NAME='doctor'),(SELECT ACCESS_ID FROM ACCESS_TYPE WHERE NAME='oscarcomm'));
INSERT INTO DEFAULT_ROLE_ACCESS VALUES (8, (SELECT ROLE_ID FROM CAISI_ROLE WHERE NAME='doctor'),(SELECT ACCESS_ID FROM ACCESS_TYPE WHERE NAME='disease registry'));
INSERT INTO DEFAULT_ROLE_ACCESS VALUES (9, (SELECT ROLE_ID FROM CAISI_ROLE WHERE NAME='doctor'),(SELECT ACCESS_ID FROM ACCESS_TYPE WHERE NAME='medical form'));
INSERT INTO DEFAULT_ROLE_ACCESS VALUES (10, (SELECT ROLE_ID FROM CAISI_ROLE WHERE NAME='doctor'),(SELECT ACCESS_ID FROM ACCESS_TYPE WHERE NAME='measurements'));
INSERT INTO DEFAULT_ROLE_ACCESS VALUES (11, (SELECT ROLE_ID FROM CAISI_ROLE WHERE NAME='doctor'),(SELECT ACCESS_ID FROM ACCESS_TYPE WHERE NAME='eform'));
INSERT INTO DEFAULT_ROLE_ACCESS VALUES (12, (SELECT ROLE_ID FROM CAISI_ROLE WHERE NAME='doctor'),(SELECT ACCESS_ID FROM ACCESS_TYPE WHERE NAME='lab'));
INSERT INTO DEFAULT_ROLE_ACCESS VALUES (13, (SELECT ROLE_ID FROM CAISI_ROLE WHERE NAME='doctor'),(SELECT ACCESS_ID FROM ACCESS_TYPE WHERE NAME='prescription Read'));
INSERT INTO DEFAULT_ROLE_ACCESS VALUES (14, (SELECT ROLE_ID FROM CAISI_ROLE WHERE NAME='doctor'),(SELECT ACCESS_ID FROM ACCESS_TYPE WHERE NAME='read ticklers'));
INSERT INTO DEFAULT_ROLE_ACCESS VALUES (15, (SELECT ROLE_ID FROM CAISI_ROLE WHERE NAME='doctor'),(SELECT ACCESS_ID FROM ACCESS_TYPE WHERE NAME='master file'));





DROP TABLE CTL_BILLINGSERVICE CASCADE CONSTRAINTS;
CREATE TABLE CTL_BILLINGSERVICE (
	SERVICETYPE_NAME VARCHAR(150),
	SERVICETYPE VARCHAR(10),
	SERVICE_CODE VARCHAR(10),
	SERVICE_GROUP_NAME VARCHAR(20),
	SERVICE_GROUP VARCHAR(20),
	STATUS CHAR(1),
	SERVICE_ORDER NUMBER(4) 
);





DROP TABLE CTL_BILLINGSERVICE_PREMIUM CASCADE CONSTRAINTS;
CREATE TABLE CTL_BILLINGSERVICE_PREMIUM (
	SERVICETYPE_NAME VARCHAR(150),
	SERVICE_CODE VARCHAR(10),
	STATUS CHAR(1),
	UPDATE_DATE DATE
);





DROP TABLE CTL_DIAGCODE CASCADE CONSTRAINTS;
CREATE TABLE CTL_DIAGCODE (
	SERVICETYPE VARCHAR(10),
	DIAGNOSTIC_CODE VARCHAR(5),
	STATUS CHAR(1)
);





DROP TABLE CTL_DOCTYPE CASCADE CONSTRAINTS;
CREATE TABLE CTL_DOCTYPE (
	MODULE VARCHAR(30),
	DOCTYPE VARCHAR(60),
	STATUS CHAR(1)
);


INSERT INTO CTL_DOCTYPE VALUES ('demographic','lab','A');
INSERT INTO CTL_DOCTYPE VALUES ('demographic','consult','A');
INSERT INTO CTL_DOCTYPE VALUES ('demographic','insurance','A');
INSERT INTO CTL_DOCTYPE VALUES ('demographic','legal','A');
INSERT INTO CTL_DOCTYPE VALUES ('demographic','oldchart','A');
INSERT INTO CTL_DOCTYPE VALUES ('demographic','radiology','A');
INSERT INTO CTL_DOCTYPE VALUES ('demographic','pathology','A');
INSERT INTO CTL_DOCTYPE VALUES ('demographic','others','A');
INSERT INTO CTL_DOCTYPE VALUES ('provider','resources','A');
INSERT INTO CTL_DOCTYPE VALUES ('provider','desktop','A');
INSERT INTO CTL_DOCTYPE VALUES ('provider','handout','A');
INSERT INTO CTL_DOCTYPE VALUES ('provider','forms','A');
INSERT INTO CTL_DOCTYPE VALUES ('provider','others','A');
INSERT INTO CTL_DOCTYPE VALUES ('provider','shared','A');



DROP TABLE CTL_DOCUMENT CASCADE CONSTRAINTS;
CREATE TABLE CTL_DOCUMENT (
	MODULE VARCHAR(30),
	MODULE_ID number(10) DEFAULT 0,
	DOCUMENT_NO number(10) DEFAULT 0,
	STATUS CHAR(1)
);



INSERT INTO CTL_DOCUMENT VALUES ('provider',999998,4953,'A');
INSERT INTO CTL_DOCUMENT VALUES ('provider',999998,4954,'H');
INSERT INTO CTL_DOCUMENT VALUES ('demographic',2147483647,4955,'A');




DROP TABLE CTL_FREQUENCY CASCADE CONSTRAINTS;
CREATE TABLE CTL_FREQUENCY (
	FREQID number(10),
	CONSTRAINT CTL_FREQUENCY_PK PRIMARY KEY (FREQID),
	FREQCODE VARCHAR(8),
	DAILYMIN VARCHAR(5) DEFAULT '0',
	DAILYMAX VARCHAR(5) DEFAULT '0'
);





DROP TABLE CTL_PROVIDER CASCADE CONSTRAINTS;
CREATE TABLE CTL_PROVIDER (
	CLINIC_NO number(10) DEFAULT 0,
	PROVIDER_NO number(10) DEFAULT 0,
	STATUS CHAR(1)
);





DROP TABLE CTL_SPECIALINSTRUCTIONS CASCADE CONSTRAINTS;
CREATE TABLE CTL_SPECIALINSTRUCTIONS (
	ID number(10),
	CONSTRAINT CTL_SPECIALINSTRUCTIONS_PK PRIMARY KEY (ID),
	DESCRIPTION VARCHAR(50)
);


DROP TABLE DOCUMENT CASCADE CONSTRAINTS;
CREATE TABLE DOCUMENT (
  DOCUMENT_NO NUMBER(6) NOT NULL,
  CONSTRAINT DOCUMENT_PK PRIMARY KEY (DOCUMENT_NO),
  DOCTYPE VARCHAR2(20),
  DOCDESC VARCHAR2(255),
  DOCXML CLOB,
  DOCFILENAME VARCHAR2(255) NOT NULL,
  DOCCREATOR VARCHAR2(30) NOT NULL,
  UPDATEDATETIME DATE,
  STATUS CHAR(1) NOT NULL,
  CONTENTTYPE VARCHAR2(60) NOT NULL,
  PUBLIC_NO NUMBER(1) NOT NULL,
  OBSERVATIONDATE DATE
);



DROP TABLE SECROLE CASCADE CONSTRAINTS;
CREATE TABLE SECROLE (
	ROLE_NO NUMBER(10),
	CONSTRAINT SECROLE_PK PRIMARY KEY (ROLE_NO),
	ROLE_NAME VARCHAR(30),
	CONSTRAINT SECROLE_UK1 UNIQUE (ROLE_NAME)
);

INSERT INTO SECROLE VALUES(1, 'receptionist');
INSERT INTO SECROLE VALUES(2, 'doctor');
INSERT INTO SECROLE VALUES(3, 'admin');
INSERT INTO SECROLE VALUES(4, 'locum');
INSERT INTO SECROLE VALUES(5, 'nurse');
INSERT INTO SECROLE VALUES(6, 'Vaccine Provider');
INSERT INTO SECROLE VALUES(7, 'external');
INSERT INTO SECROLE VALUES(8, 'er_clerk');




DROP TABLE SECPRIVILEGE CASCADE CONSTRAINTS;
CREATE TABLE SECPRIVILEGE (
	ID NUMBER(2),
	CONSTRAINT SECPRIVILEGE_PK PRIMARY KEY (ID),
	PRIVILEGE VARCHAR(5) DEFAULT '0',
	DESCRIPTION VARCHAR(80),
	CONSTRAINT SECPRIVILEGE_UK1 UNIQUE (PRIVILEGE)
) ;

INSERT INTO SECPRIVILEGE VALUES(1, '*', 'All rights.');
INSERT INTO SECPRIVILEGE VALUES(2, 'r', 'Read');
INSERT INTO SECPRIVILEGE VALUES(3, 'w', 'Write');
INSERT INTO SECPRIVILEGE VALUES(4, 'd', 'Delete');
INSERT INTO SECPRIVILEGE VALUES(5, 'o', 'No rights.');
INSERT INTO SECPRIVILEGE VALUES(6, 'or', 'Only Read');
INSERT INTO SECPRIVILEGE VALUES(7, 'ow', 'Only Write');
INSERT INTO SECPRIVILEGE VALUES(8, 'od', 'Only Delete');
