DROP SEQUENCE HIBERNATE_SEQUENCE;
CREATE SEQUENCE HIBERNATE_SEQUENCE;




DROP TABLE PROVIDER CASCADE CONSTRAINTS;
CREATE TABLE PROVIDER (
	PROVIDER_NO VARCHAR(10),
	CONSTRAINT PROVIDER_PK PRIMARY KEY (PROVIDER_NO),
	LAST_NAME VARCHAR(30),
	FIRST_NAME VARCHAR(30),
	PROVIDER_TYPE VARCHAR(15),
	SPECIALTY VARCHAR(20),
	TEAM VARCHAR(20),
	SEX CHAR(1),
	DOB DATE,
	ADDRESS VARCHAR(40),
	PHONE VARCHAR(20),
	WORK_PHONE VARCHAR(50),
	OHIP_NO VARCHAR(20),
	RMA_NO VARCHAR(20),
	BILLING_NO VARCHAR(20),
	HSO_NO VARCHAR(10),
	STATUS CHAR(1),
	COMMENTS CLOB,
	PROVIDER_ACTIVITY CHAR(3)
);

INSERT INTO PROVIDER VALUES ('999997','oscaradmin','admin','admin',NULL,NULL,NULL,'01-JAN-0001',NULL,NULL,NULL,NULL,NULL,NULL,NULL,'1',NULL,NULL);
INSERT INTO PROVIDER VALUES ('999998','oscardoc','doctor','doctor',NULL,NULL,NULL,'01-JAN-0001',NULL,NULL,NULL,NULL,NULL,NULL,NULL,'1',NULL,NULL);
INSERT INTO PROVIDER VALUES ('999999','oscarrep','receptionist','receptionist',NULL,NULL,NULL,'01-JAN-0001',NULL,NULL,NULL,NULL,NULL,NULL,NULL,'1',NULL,NULL);
INSERT INTO PROVIDER VALUES ('88888','Support','IT','receptionist',NULL,'Admin',NULL,'01-JAN-0001',NULL,NULL,NULL,NULL,NULL,NULL,NULL,'1',NULL,NULL);
INSERT INTO PROVIDER VALUES ('174','Chan','David','doctor','Family Medicine','TEAM A','M','01-JAN-0001',NULL,'H 905-','058081',NULL,NULL,'BAAP','1','1',NULL,NULL);




DROP TABLE SECURITY CASCADE CONSTRAINTS;
CREATE TABLE SECURITY (
	SECURITY_NO NUMBER(10),
	CONSTRAINT SECURITY_PK PRIMARY KEY (SECURITY_NO),
	USER_NAME VARCHAR(30),
	CONSTRAINT SECURITY_UK1 UNIQUE (USER_NAME),
	PASSWORD VARCHAR(80),
	PROVIDER_NO VARCHAR(10),
	PIN VARCHAR(6),
	B_EXPIRESET NUMBER(1) DEFAULT 1,
	DATE_EXPIREDATE DATE DEFAULT '01-JAN-2100',
	B_LOCALLOCKSET NUMBER(1) DEFAULT 1,
	B_REMOTELOCKSET NUMBER(1) DEFAULT 1
);

INSERT INTO SECURITY VALUES (127,'oscarrep','-51-282443-97-5-9410489-60-1021-45-127-12435464-32','999999','1117',1,'01-JAN-3001',1,1);
INSERT INTO SECURITY VALUES (128,'oscardoc','-51-282443-97-5-9410489-60-1021-45-127-12435464-32','999998','1117',1,'01-JAN-3001',1,1);
INSERT INTO SECURITY VALUES (129,'oscaradmin','-51-282443-97-5-9410489-60-1021-45-127-12435464-32','999997','1117',1,'01-JAN-3001',1,1);




DROP TABLE SECUSERROLE CASCADE CONSTRAINTS;
CREATE TABLE SECUSERROLE (
	PROVIDER_NO VARCHAR(10),
	ROLE_NAME VARCHAR(30),
	CONSTRAINT SECUSERROLE_PK PRIMARY KEY (PROVIDER_NO, ROLE_NAME)
);

INSERT INTO SECUSERROLE VALUES('999998', 'doctor');
INSERT INTO SECUSERROLE VALUES('999998', 'admin');
INSERT INTO SECUSERROLE VALUES('999997', 'receptionist');





DROP TABLE LOG CASCADE CONSTRAINTS;
CREATE TABLE LOG (
	DATETIME DATE,
	PROVIDER_NO VARCHAR(10),
	CONSTRAINT LOG_PK PRIMARY KEY (DATETIME, PROVIDER_NO),
	ACTION VARCHAR(20),
	CONTENT VARCHAR(80),
	CONTENTID VARCHAR(80),
	IP VARCHAR(30)
);

CREATE INDEX LOG_ACTION ON LOG(ACTION);
CREATE INDEX LOG_CONTENT ON LOG(CONTENT);
CREATE INDEX LOG_CONTENTID ON LOG(CONTENTID);





DROP TABLE PREFERENCE CASCADE CONSTRAINTS;
CREATE TABLE PREFERENCE (
	PREFERENCE_NO NUMBER(10),
	CONSTRAINT PREFERENCE_PK PRIMARY KEY (PREFERENCE_NO),
	PROVIDER_NO VARCHAR(10),
	START_HOUR CHAR(2),
	END_HOUR CHAR(2),
	EVERY_MIN CHAR(3),
	MYGROUP_NO VARCHAR(10),
	COLOR_TEMPLATE VARCHAR(10),
	NEW_TICKLER_WARNING_WINDOW VARCHAR(10),	
	DEFAULT_SERVICETYPE VARCHAR(10)
);

CREATE INDEX PREFERENCE_PROVIDER_NO ON PREFERENCE(PROVIDER_NO);

INSERT INTO PREFERENCE VALUES (138,'999998','8','18','15','.default','deepblue',NULL,'');





DROP TABLE PROVIDER_DEFAULT_PROGRAM CASCADE CONSTRAINTS;
CREATE TABLE PROVIDER_DEFAULT_PROGRAM (
	ID NUMBER(10),
	CONSTRAINT PROVIDER_DEFAULT_PROGRAM_PK PRIMARY KEY (ID),
	PROVIDER_NO VARCHAR(10),
	PROGRAM_ID NUMBER(10) DEFAULT 0,
	SIGNNOTE NUMBER(1) DEFAULT 0
);




DROP TABLE SECOBJPRIVILEGE CASCADE CONSTRAINTS;
CREATE TABLE SECOBJPRIVILEGE (
	ROLEUSERGROUP VARCHAR(30),
	OBJECTNAME VARCHAR(100),
	CONSTRAINT SECOBJPRIVILEGE_PK PRIMARY KEY (ROLEUSERGROUP, OBJECTNAME),
	PRIVILEGE VARCHAR(100) DEFAULT '|0|',
	PRIORITY NUMBER(2) DEFAULT '0',
	PROVIDER_NO VARCHAR(10)
);

INSERT INTO SECOBJPRIVILEGE VALUES('receptionist', '_appointment', '|*|', 0, '999998');
INSERT INTO SECOBJPRIVILEGE VALUES('receptionist', '_demographic', '|*|', 0, '999998');
INSERT INTO SECOBJPRIVILEGE VALUES('receptionist', '_billing', '|*|', 0, '999998');
INSERT INTO SECOBJPRIVILEGE VALUES('receptionist','_masterLink','|*|',0,999998);
INSERT INTO SECOBJPRIVILEGE VALUES('doctor', '_appointment', '|*|', 0, '999998');
INSERT INTO SECOBJPRIVILEGE VALUES('doctor', '_eChart', '|*|', 0, '999998');
INSERT INTO SECOBJPRIVILEGE VALUES('doctor', '_appointment.doctorLink', '|*|', 0, '999998');
INSERT INTO SECOBJPRIVILEGE VALUES('doctor', '_eChart.verifyButton', '|*|', 0, '999998');
INSERT INTO SECOBJPRIVILEGE VALUES('doctor', '_demographic', '|*|', 0, '999998');
INSERT INTO SECOBJPRIVILEGE VALUES('doctor', '_billing', '|*|', 0, '999998');
INSERT INTO SECOBJPRIVILEGE VALUES('doctor', '_tasks', '|*|', 0, '999998');
INSERT INTO SECOBJPRIVILEGE VALUES('doctor','_masterLink','|*|',0,999998);
INSERT INTO SECOBJPRIVILEGE VALUES('doctor','_rx','|*|',0,999998);
INSERT INTO SECOBJPRIVILEGE VALUES('admin', '_admin', '|*|', 0, '999998');
INSERT INTO SECOBJPRIVILEGE VALUES('admin','_masterLink','|*|',0,999998);





DROP TABLE PROGRAM_PROVIDER CASCADE CONSTRAINTS;
CREATE TABLE PROGRAM_PROVIDER (
	ID NUMBER(10),
	CONSTRAINT PROGRAM_PROVIDER_PK PRIMARY KEY (ID),
	PROGRAM_ID NUMBER(10),
	PROVIDER_NO NUMBER(10),
	ROLE_ID NUMBER(10),
	TEAM_ID NUMBER(10)
);

CREATE INDEX PROGRAM_PROVIDER_ROLE_ID ON PROGRAM_PROVIDER(ROLE_ID);
CREATE INDEX PROGRAM_PROVIDER_PROVIDER_NO ON PROGRAM_PROVIDER(PROVIDER_NO);
CREATE INDEX PROGRAM_PROVIDER_TEAM_ID ON PROGRAM_PROVIDER(TEAM_ID);





DROP TABLE PROGRAM CASCADE CONSTRAINTS;
CREATE TABLE PROGRAM (
	PROGRAM_ID NUMBER(10),
	CONSTRAINT PROGRAM_PK PRIMARY KEY (PROGRAM_ID),
	AGENCY_ID NUMBER(10) DEFAULT 0,
	INTAKE_PROGRAM NUMBER(10),
	NAME VARCHAR(70),
	DESCR VARCHAR(255),
	ADDRESS VARCHAR(255),
	PHONE VARCHAR(255),
	FAX VARCHAR(255),
	URL VARCHAR(255),
	EMAIL VARCHAR(255),
	EMERGENCY_NUMBER VARCHAR(255),
	TYPE VARCHAR(50),
	LOCATION VARCHAR(70),
	MAX_ALLOWED NUMBER(10) DEFAULT 0,
	NUM_OF_MEMBERS NUMBER(10) DEFAULT 0,
	HOLDING_TANK NUMBER(1) DEFAULT 0,
	ALLOW_BATCH_ADMISSION NUMBER(1),
	ALLOW_BATCH_DISCHARGE NUMBER(1),
	HIC NUMBER(1),
	PROGRAM_STATUS VARCHAR(8) DEFAULT 'active',
	BED_PROGRAM_LINK_ID NUMBER(10) DEFAULT 0,
	MANORWOMAN VARCHAR(6),
	TRANSGENDER NUMBER(1) DEFAULT 0,
	FIRSTNATION NUMBER(1) DEFAULT 0,
	BEDPROGRAMAFFILIATED NUMBER(1) DEFAULT 0,
	ALCOHOL NUMBER(1) DEFAULT 0,
	ABSTINENCESUPPORT VARCHAR(20),
	PHYSICALHEALTH NUMBER(1) DEFAULT 0,
	MENTALHEALTH NUMBER(1) DEFAULT 0,
	HOUSING NUMBER(1) DEFAULT 0,
	EXCLUSIVE_VIEW VARCHAR(20) DEFAULT 'no'
);

INSERT INTO PROGRAM (PROGRAM_ID,AGENCY_ID,NAME,DESCR,ADDRESS,PHONE,FAX,URL,EMAIL,EMERGENCY_NUMBER,TYPE,LOCATION,MAX_ALLOWED,NUM_OF_MEMBERS,HOLDING_TANK,ALLOW_BATCH_ADMISSION,ALLOW_BATCH_DISCHARGE,HIC, PROGRAM_STATUS,EXCLUSIVE_VIEW) VALUES (10001,0,'Subsidized Housing','Subsidized Housing',NULL,NULL,NULL,NULL,NULL,NULL,'community',NULL,99999,0,0,0,0,0,'active','no');
INSERT INTO PROGRAM (PROGRAM_ID,AGENCY_ID,NAME,DESCR,ADDRESS,PHONE,FAX,URL,EMAIL,EMERGENCY_NUMBER,TYPE,LOCATION,MAX_ALLOWED,NUM_OF_MEMBERS,HOLDING_TANK,ALLOW_BATCH_ADMISSION,ALLOW_BATCH_DISCHARGE,HIC, PROGRAM_STATUS,EXCLUSIVE_VIEW) VALUES (10002,0,'Private Market Housing','Private Market Housing',NULL,NULL,NULL,NULL,NULL,NULL,'community',NULL,99999,0,0,0,0,0,'active','no');
INSERT INTO PROGRAM (PROGRAM_ID,AGENCY_ID,NAME,DESCR,ADDRESS,PHONE,FAX,URL,EMAIL,EMERGENCY_NUMBER,TYPE,LOCATION,MAX_ALLOWED,NUM_OF_MEMBERS,HOLDING_TANK,ALLOW_BATCH_ADMISSION,ALLOW_BATCH_DISCHARGE,HIC, PROGRAM_STATUS,EXCLUSIVE_VIEW) VALUES (10003,0,'Returned to Previous Address','Returned to Previous Address',NULL,NULL,NULL,NULL,NULL,NULL,'community',NULL,99999,0,0,0,0,0,'active','no');
INSERT INTO PROGRAM (PROGRAM_ID,AGENCY_ID,NAME,DESCR,ADDRESS,PHONE,FAX,URL,EMAIL,EMERGENCY_NUMBER,TYPE,LOCATION,MAX_ALLOWED,NUM_OF_MEMBERS,HOLDING_TANK,ALLOW_BATCH_ADMISSION,ALLOW_BATCH_DISCHARGE,HIC, PROGRAM_STATUS,EXCLUSIVE_VIEW) VALUES (10004,0,'Returned To Partner','Returned To Partner',NULL,NULL,NULL,NULL,NULL,NULL,'community',NULL,99999,0,0,0,0,0,'active','no');
INSERT INTO PROGRAM (PROGRAM_ID,AGENCY_ID,NAME,DESCR,ADDRESS,PHONE,FAX,URL,EMAIL,EMERGENCY_NUMBER,TYPE,LOCATION,MAX_ALLOWED,NUM_OF_MEMBERS,HOLDING_TANK,ALLOW_BATCH_ADMISSION,ALLOW_BATCH_DISCHARGE,HIC, PROGRAM_STATUS,EXCLUSIVE_VIEW) VALUES (10005,0,'Returned to Parents','Returned to Parents',NULL,NULL,NULL,NULL,NULL,NULL,'community',NULL,99999,0,0,0,0,0,'active','no');
INSERT INTO PROGRAM (PROGRAM_ID,AGENCY_ID,NAME,DESCR,ADDRESS,PHONE,FAX,URL,EMAIL,EMERGENCY_NUMBER,TYPE,LOCATION,MAX_ALLOWED,NUM_OF_MEMBERS,HOLDING_TANK,ALLOW_BATCH_ADMISSION,ALLOW_BATCH_DISCHARGE,HIC, PROGRAM_STATUS,EXCLUSIVE_VIEW) VALUES (10006,0,'Moved in with Friends or Relatives','Moved in with Friends or Relatives',NULL,NULL,NULL,NULL,NULL,NULL,'community',NULL,99999,0,0,0,0,0,'active','no');
INSERT INTO PROGRAM (PROGRAM_ID,AGENCY_ID,NAME,DESCR,ADDRESS,PHONE,FAX,URL,EMAIL,EMERGENCY_NUMBER,TYPE,LOCATION,MAX_ALLOWED,NUM_OF_MEMBERS,HOLDING_TANK,ALLOW_BATCH_ADMISSION,ALLOW_BATCH_DISCHARGE,HIC, PROGRAM_STATUS,EXCLUSIVE_VIEW) VALUES (10007,0,'Continued at Another Hospital or Treatment','Continued at Another Hospital or Treatment',NULL,NULL,NULL,NULL,NULL,NULL,'community',NULL,99999,0,0,0,0,0,'active','no');
INSERT INTO PROGRAM (PROGRAM_ID,AGENCY_ID,NAME,DESCR,ADDRESS,PHONE,FAX,URL,EMAIL,EMERGENCY_NUMBER,TYPE,LOCATION,MAX_ALLOWED,NUM_OF_MEMBERS,HOLDING_TANK,ALLOW_BATCH_ADMISSION,ALLOW_BATCH_DISCHARGE,HIC, PROGRAM_STATUS,EXCLUSIVE_VIEW) VALUES (10008,0,'Left the City','Left the City',NULL,NULL,NULL,NULL,NULL,NULL,'community',NULL,99999,0,0,0,0,0,'active','no');
INSERT INTO PROGRAM (PROGRAM_ID,AGENCY_ID,NAME,DESCR,ADDRESS,PHONE,FAX,URL,EMAIL,EMERGENCY_NUMBER,TYPE,LOCATION,MAX_ALLOWED,NUM_OF_MEMBERS,HOLDING_TANK,ALLOW_BATCH_ADMISSION,ALLOW_BATCH_DISCHARGE,HIC, PROGRAM_STATUS,EXCLUSIVE_VIEW) VALUES (10009,0,'Whereabouts Unknown (AWOL)','Whereabouts Unknown (AWOL)',NULL,NULL,NULL,NULL,NULL,NULL,'community',NULL,99999,0,0,0,0,0,'active','no');
INSERT INTO PROGRAM (PROGRAM_ID,AGENCY_ID,NAME,DESCR,ADDRESS,PHONE,FAX,URL,EMAIL,EMERGENCY_NUMBER,TYPE,LOCATION,MAX_ALLOWED,NUM_OF_MEMBERS,HOLDING_TANK,ALLOW_BATCH_ADMISSION,ALLOW_BATCH_DISCHARGE,HIC, PROGRAM_STATUS,EXCLUSIVE_VIEW) VALUES (10010,0,'Community, unknown destination','Community, unknown destination',NULL,NULL,NULL,NULL,NULL,NULL,'community',NULL,99999,0,0,0,0,0,'active','no');
INSERT INTO PROGRAM (PROGRAM_ID,AGENCY_ID,NAME,DESCR,ADDRESS,PHONE,FAX,URL,EMAIL,EMERGENCY_NUMBER,TYPE,LOCATION,MAX_ALLOWED,NUM_OF_MEMBERS,HOLDING_TANK,ALLOW_BATCH_ADMISSION,ALLOW_BATCH_DISCHARGE,HIC, PROGRAM_STATUS,EXCLUSIVE_VIEW) VALUES (10011,0,'Incarcerated','Incarcerated',NULL,NULL,NULL,NULL,NULL,NULL,'community',NULL,99999,0,0,0,0,0,'active','no');
INSERT INTO PROGRAM (PROGRAM_ID,AGENCY_ID,NAME,DESCR,ADDRESS,PHONE,FAX,URL,EMAIL,EMERGENCY_NUMBER,TYPE,LOCATION,MAX_ALLOWED,NUM_OF_MEMBERS,HOLDING_TANK,ALLOW_BATCH_ADMISSION,ALLOW_BATCH_DISCHARGE,HIC, PROGRAM_STATUS,EXCLUSIVE_VIEW) VALUES (10012,0,'Deceased','Deceased',NULL,NULL,NULL,NULL,NULL,NULL,'community',NULL,99999,0,0,0,0,0,'active','no');
INSERT INTO PROGRAM (PROGRAM_ID,AGENCY_ID,NAME,DESCR,ADDRESS,PHONE,FAX,URL,EMAIL,EMERGENCY_NUMBER,TYPE,LOCATION,MAX_ALLOWED,NUM_OF_MEMBERS,HOLDING_TANK,ALLOW_BATCH_ADMISSION,ALLOW_BATCH_DISCHARGE,HIC, PROGRAM_STATUS,EXCLUSIVE_VIEW) VALUES (10013,0,'Community Shelter','Community Shelter',NULL,NULL,NULL,NULL,NULL,NULL,'community',NULL,99999,0,0,0,0,0,'active','no');
INSERT INTO PROGRAM (PROGRAM_ID,AGENCY_ID,NAME,DESCR,ADDRESS,PHONE,FAX,URL,EMAIL,EMERGENCY_NUMBER,TYPE,LOCATION,MAX_ALLOWED,NUM_OF_MEMBERS,HOLDING_TANK,ALLOW_BATCH_ADMISSION,ALLOW_BATCH_DISCHARGE,HIC, PROGRAM_STATUS,EXCLUSIVE_VIEW) VALUES (10014,0,'Other','Other',NULL,NULL,NULL,NULL,NULL,NULL,'community',NULL,99999,0,0,0,0,0,'active','no');





DROP TABLE DEMOGRAPHIC CASCADE CONSTRAINTS; 
CREATE TABLE DEMOGRAPHIC ( 
	DEMOGRAPHIC_NO NUMBER(10),
	CONSTRAINT DEMOGRAPHIC_PK PRIMARY KEY (DEMOGRAPHIC_NO),
	LAST_NAME VARCHAR(30),
	FIRST_NAME VARCHAR(30),
	ADDRESS VARCHAR(60),
	CITY VARCHAR(20),
	PROVINCE VARCHAR(20),
	POSTAL VARCHAR(9),
	PHONE VARCHAR(20),
	PHONE2 VARCHAR(20),
	EMAIL VARCHAR(100),
	PIN VARCHAR(255),
	YEAR_OF_BIRTH VARCHAR(4),
	MONTH_OF_BIRTH CHAR(2),
	DATE_OF_BIRTH CHAR(2),
	HIN VARCHAR(20),
	VER CHAR(3),
	ROSTER_STATUS VARCHAR(20),
	PATIENT_STATUS VARCHAR(20),
	DATE_JOINED DATE,
	CHART_NO VARCHAR(10),
	PROVIDER_NO VARCHAR(250),
	SEX CHAR(1),
	END_DATE DATE,
	EFF_DATE DATE,
	PCN_INDICATOR VARCHAR(20),
	HC_TYPE VARCHAR(20),
	HC_RENEW_DATE DATE,
	FAMILY_DOCTOR VARCHAR(80)
);

CREATE INDEX DEMOGRAPHIC_HIN ON DEMOGRAPHIC(HIN);
CREATE INDEX DEMOGRAPHIC_NAME ON DEMOGRAPHIC(LAST_NAME, FIRST_NAME);

DROP TABLE DEMOGRAPHICCUST CASCADE CONSTRAINTS;
CREATE TABLE DEMOGRAPHICCUST (
  DEMOGRAPHIC_NO NUMBER(10), -- NOT NULL default
  CUST1 VARCHAR2(255),
  CUST2 VARCHAR2(255),
  CUST3 VARCHAR2(255),
  CUST4 VARCHAR2(255),
  CONTENT CLOB, 
  CONSTRAINT DEMOGRAPHICCUST_PK PRIMARY KEY (DEMOGRAPHIC_NO)
);
CREATE INDEX DEMOGRAPHICCUST_CUST1_INDEX ON DEMOGRAPHICCUST(CUST1);
CREATE INDEX DEMOGRAPHICCUST_CUST2_INDEX ON DEMOGRAPHICCUST(CUST2);
CREATE INDEX DEMOGRAPHICCUST_CUST3_INDEX ON DEMOGRAPHICCUST(CUST3);
CREATE INDEX DEMOGRAPHICCUST_CUST4_INDEX ON DEMOGRAPHICCUST(CUST4);

DROP TABLE ADMISSION CASCADE CONSTRAINTS;
CREATE TABLE ADMISSION (
	AM_ID NUMBER(10),
	CONSTRAINT ADMISSION_PK PRIMARY KEY (AM_ID),
	CLIENT_ID NUMBER(10) DEFAULT 0,
	PROGRAM_ID NUMBER(10) DEFAULT 0,
	PROVIDER_NO NUMBER(10) DEFAULT 0,
	ADMISSION_DATE DATE,
	ADMISSION_NOTES VARCHAR(255),
	TEMP_ADMISSION CHAR(1),
	DISCHARGE_DATE DATE,
	DISCHARGE_NOTES VARCHAR(255),
	TEMP_ADMIT_DISCHARGE CHAR(1),
	ADMISSION_STATUS VARCHAR(24),
	TEAM_ID NUMBER(10),
	TEMPORARY_ADMISSION_FLAG NUMBER(1),
	AGENCY_ID NUMBER(11) DEFAULT 0,
	RADIODISCHARGEREASON VARCHAR(10) DEFAULT '0',
	CLIENTSTATUS_ID NUMBER(10)
);

CREATE INDEX ADMISSION_TEAM_ID ON ADMISSION(TEAM_ID);





DROP TABLE PROPERTY CASCADE CONSTRAINTS;
CREATE TABLE PROPERTY (
	NAME VARCHAR(255),
	VALUE VARCHAR(255),
	ID NUMBER(10),
	CONSTRAINT PROPERTY_PK PRIMARY KEY (ID),
	PROVIDER_NO VARCHAR(10)
);





DROP TABLE SYSTEM_MESSAGE CASCADE CONSTRAINTS;
CREATE TABLE SYSTEM_MESSAGE (
	ID NUMBER(10),
	CONSTRAINT SYSTEM_MESSAGE_PK PRIMARY KEY (ID),
	MESSAGE CLOB,
	CREATION_DATE DATE,
	EXPIRY_DATE DATE
);





DROP TABLE MYGROUP CASCADE CONSTRAINTS;
CREATE TABLE MYGROUP (
	MYGROUP_NO VARCHAR(10),
	PROVIDER_NO VARCHAR(10),
	CONSTRAINT MYGROUP_PK PRIMARY KEY (MYGROUP_NO,PROVIDER_NO),
	LAST_NAME VARCHAR(30),
	FIRST_NAME VARCHAR(30),
	VIEWORDER CHAR(2)
);





DROP TABLE SCHEDULEDATE CASCADE CONSTRAINTS;
CREATE TABLE SCHEDULEDATE (
	ID NUMBER(10),
	CONSTRAINT SCHEDULEDATE_PK PRIMARY KEY (ID),
	SDATE DATE,
	PROVIDER_NO VARCHAR(10),
	AVAILABLE CHAR(1),
	PRIORITY CHAR(1),
	REASON VARCHAR(255),
	HOUR VARCHAR(255),
	CREATOR VARCHAR(50),
	STATUS CHAR(1)
);





DROP TABLE AGENCY CASCADE CONSTRAINTS;
CREATE TABLE AGENCY (
	ID NUMBER(10),
	CONSTRAINT AGENCY_PK PRIMARY KEY (ID),
	INTAKE_QUICK NUMBER(10) DEFAULT 1,
	INTAKE_QUICK_STATE CHAR(2) DEFAULT 'HS',
	INTAKE_INDEPTH NUMBER(10) DEFAULT 2,
	INTAKE_INDEPTH_STATE CHAR(2) DEFAULT 'HS',
	NAME VARCHAR(50),
	DESCRIPTION VARCHAR(255),
	CONTACT_NAME VARCHAR(255),
	CONTACT_EMAIL VARCHAR(255),
	CONTACT_PHONE VARCHAR(255),
	LOCAL NUMBER(1) DEFAULT 0,
	INTEGRATOR_ENABLED NUMBER(1)  DEFAULT 0,
	INTEGRATOR_URL VARCHAR(255),
	INTEGRATOR_JMS VARCHAR(255),
	INTEGRATOR_USERNAME VARCHAR(255),
	INTEGRATOR_PASSWORD VARCHAR(255),
	HIC NUMBER(1),
	DISABLED NUMBER(1)  DEFAULT 0
);

INSERT INTO AGENCY VALUES (0, 1, 'HS', 2, 'HS', 'Default Agency', 'Default Agency', NULL,NULL,NULL,1,0,NULL,NULL,NULL,NULL,0,0);





DROP TABLE SCHEDULETEMPLATE CASCADE CONSTRAINTS;
CREATE TABLE SCHEDULETEMPLATE (
	PROVIDER_NO VARCHAR(10),
	NAME VARCHAR(20),
	CONSTRAINT SCHEDULETEMPLATE_PK PRIMARY KEY (PROVIDER_NO,NAME),
	SUMMARY VARCHAR(80),
	TIMECODE VARCHAR(255)
);





DROP TABLE SCHEDULETEMPLATECODE CASCADE CONSTRAINTS;
CREATE TABLE SCHEDULETEMPLATECODE (
	CODE CHAR(1),
	DESCRIPTION VARCHAR(80),
	DURATION CHAR(3),
	COLOR VARCHAR(10),
	CONFIRM CHAR(3) DEFAULT 'No'
);

CREATE INDEX SCHEDULETEMPLATECODE_CODE ON SCHEDULETEMPLATECODE(CODE);

INSERT INTO SCHEDULETEMPLATECODE VALUES ('A','Academic','',NULL,'N');
INSERT INTO SCHEDULETEMPLATECODE VALUES ('B','Behavioral Science','15','#BFEFFF','N');
INSERT INTO SCHEDULETEMPLATECODE VALUES ('2','30 Minute Appointment','30','#BFEFFF','N');
INSERT INTO SCHEDULETEMPLATECODE VALUES ('3','45 Minute Appointment','45','#BFEFFF','N');
INSERT INTO SCHEDULETEMPLATECODE VALUES ('P','Phone time','15','#BFEFFF','N');
INSERT INTO SCHEDULETEMPLATECODE VALUES ('M','Monitoring','','EED2EE','N');
INSERT INTO SCHEDULETEMPLATECODE VALUES ('6','60 Minute Appointment','60','#BFEFFF','N');
INSERT INTO SCHEDULETEMPLATECODE VALUES ('C','Chart Audit Rounds','15',NULL,'N');
INSERT INTO SCHEDULETEMPLATECODE VALUES ('R','Rounds','15',NULL,'N');
INSERT INTO SCHEDULETEMPLATECODE VALUES ('E','Study Leave','15',NULL,'N');
INSERT INTO SCHEDULETEMPLATECODE VALUES ('V','Vacation','15','FFF68F','N');
INSERT INTO SCHEDULETEMPLATECODE VALUES ('G','PBSG Rounds','15',NULL,'N');
INSERT INTO SCHEDULETEMPLATECODE VALUES ('H','Hospital Rounds','15',NULL,'N');
INSERT INTO SCHEDULETEMPLATECODE VALUES ('d','Drug Rep (Chief)','15',NULL,'N');
INSERT INTO SCHEDULETEMPLATECODE VALUES ('U','Urgent','15',NULL,'N');
INSERT INTO SCHEDULETEMPLATECODE VALUES ('a','Administrative Work','15','#BFEFFF','N');
INSERT INTO SCHEDULETEMPLATECODE VALUES ('t','Travel','',NULL,'N');
INSERT INTO SCHEDULETEMPLATECODE VALUES ('m','Meeting','',NULL,'N');
INSERT INTO SCHEDULETEMPLATECODE VALUES ('1','15 Minute Appointment','15','#BFEFFF','N');
INSERT INTO SCHEDULETEMPLATECODE VALUES ('s','Same Day','15','FFF68F','N');
INSERT INTO SCHEDULETEMPLATECODE VALUES ('S','Same Day - R1','30','FFF68F','N');





DROP TABLE PROVIDERLABROUTING CASCADE CONSTRAINTS;
CREATE TABLE PROVIDERLABROUTING (
	PROVIDER_NO VARCHAR(10),
	LAB_NO NUMBER(10) DEFAULT 0,
	STATUS CHAR(1),
	COMMENT1 VARCHAR(255),
	TIMESTAMP DATE,
	LAB_TYPE CHAR(3) DEFAULT 'MDS',
	ID NUMBER(10),
	CONSTRAINT PROVIDERLABROUTING_PK PRIMARY KEY (ID)
);





DROP TABLE MESSAGELISTTBL CASCADE CONSTRAINTS;
CREATE TABLE MESSAGELISTTBL (
	MESSAGE NUMBER(10),
	PROVIDER_NO VARCHAR(10),
	STATUS VARCHAR(10),
	REMOTELOCATION NUMBER(10)
);





DROP TABLE OSCARCOMMLOCATIONS CASCADE CONSTRAINTS;
CREATE TABLE OSCARCOMMLOCATIONS (
	LOCATIONID NUMBER(10) DEFAULT 0,
	CONSTRAINT OSCARCOMMLOCATIONS_PK PRIMARY KEY (LOCATIONID),
	LOCATIONDESC VARCHAR(50),
	LOCATIONAUTH VARCHAR(30),
	CURRENT1 NUMBER(1) DEFAULT 0,
	ADDRESSBOOK CLOB,
	REMOTESERVERURL VARCHAR(30)
);









DROP TABLE SCRATCH_PAD CASCADE CONSTRAINTS;
CREATE TABLE SCRATCH_PAD (
	ID NUMBER(10),
	CONSTRAINT SCRATCH_PAD_PK PRIMARY KEY (ID),
	PROVIDER_NO VARCHAR(10),
	DATE_TIME DATE,
	SCRATCH_TEXT CLOB
);





DROP TABLE INTAKE_NODE_LABEL CASCADE CONSTRAINTS;
CREATE TABLE INTAKE_NODE_LABEL (
	INTAKE_NODE_LABEL_ID NUMBER(10),
	CONSTRAINT INTAKE_NODE_LABEL_PK PRIMARY KEY (INTAKE_NODE_LABEL_ID),
	LBL CLOB
);

INSERT INTO INTAKE_NODE_LABEL VALUES (1, NULL);
INSERT INTO INTAKE_NODE_LABEL VALUES (2, 'Registration Intake');
INSERT INTO INTAKE_NODE_LABEL VALUES (3, 'Follow-up Intake'); 
INSERT INTO INTAKE_NODE_LABEL VALUES (4, 'Page');
INSERT INTO INTAKE_NODE_LABEL VALUES (5, 'Section');
INSERT INTO INTAKE_NODE_LABEL VALUES (6, 'Question');
INSERT INTO INTAKE_NODE_LABEL VALUES (7, 'Compound Answer');
INSERT INTO INTAKE_NODE_LABEL VALUES (8, 'Boolean');
INSERT INTO INTAKE_NODE_LABEL VALUES (9, 'String');
INSERT INTO INTAKE_NODE_LABEL VALUES (10, 'Date');
INSERT INTO INTAKE_NODE_LABEL VALUES (11, 'Integer');
INSERT INTO INTAKE_NODE_LABEL VALUES (12, 'Email');
INSERT INTO INTAKE_NODE_LABEL VALUES (13, 'Phone');
INSERT INTO INTAKE_NODE_LABEL VALUES (14, 'Note');
INSERT INTO INTAKE_NODE_LABEL VALUES (15, 'Program Intake');





DROP TABLE INTAKE_NODE_TYPE CASCADE CONSTRAINTS;
CREATE TABLE INTAKE_NODE_TYPE (
	INTAKE_NODE_TYPE_ID NUMBER(10),
	CONSTRAINT INTAKE_NODE_TYPE_PK PRIMARY KEY (INTAKE_NODE_TYPE_ID),
	TYPE VARCHAR(255)
);

INSERT INTO INTAKE_NODE_TYPE VALUES (1, 'intake');
INSERT INTO INTAKE_NODE_TYPE VALUES (2, 'page');
INSERT INTO INTAKE_NODE_TYPE VALUES (3, 'section');
INSERT INTO INTAKE_NODE_TYPE VALUES (4, 'question');
INSERT INTO INTAKE_NODE_TYPE VALUES (5, 'answer compound');
INSERT INTO INTAKE_NODE_TYPE VALUES (6, 'answer scalar choice');
INSERT INTO INTAKE_NODE_TYPE VALUES (7, 'answer scalar text');
INSERT INTO INTAKE_NODE_TYPE VALUES (8, 'answer scalar note');





DROP TABLE INTAKE_NODE_TEMPLATE CASCADE CONSTRAINTS;
CREATE TABLE INTAKE_NODE_TEMPLATE (
	INTAKE_NODE_TEMPLATE_ID NUMBER(10),
	CONSTRAINT INTAKE_NODE_TEMPLATE_PK PRIMARY KEY (INTAKE_NODE_TEMPLATE_ID),
	REMOTE_INTAKE_NODE_TEMPLATE_ID NUMBER(10),
	INTAKE_NODE_TYPE_ID NUMBER(10),
	INTAKE_NODE_LABEL_ID NUMBER(10),
	CONSTRAINT INTAKE_NODE_TEMPLATE_FK_1 FOREIGN KEY (INTAKE_NODE_LABEL_ID) REFERENCES INTAKE_NODE_LABEL (INTAKE_NODE_LABEL_ID),
	CONSTRAINT INTAKE_NODE_TEMPLATE_FK_2 FOREIGN KEY (INTAKE_NODE_TYPE_ID) REFERENCES INTAKE_NODE_TYPE (INTAKE_NODE_TYPE_ID)
);

CREATE INDEX INTAKE_NODE_TEMPLATE_INDEX_1 ON INTAKE_NODE_TEMPLATE(INTAKE_NODE_TYPE_ID);
CREATE INDEX INTAKE_NODE_TEMPLATE_INDEX_2 ON INTAKE_NODE_TEMPLATE(INTAKE_NODE_LABEL_ID);

INSERT INTO INTAKE_NODE_TEMPLATE VALUES (1, 1, 1, 2);
INSERT INTO INTAKE_NODE_TEMPLATE VALUES (2, 2, 1, 3);
INSERT INTO INTAKE_NODE_TEMPLATE VALUES (3, 3, 2, 4);
INSERT INTO INTAKE_NODE_TEMPLATE VALUES (4, 4, 3, 5);
INSERT INTO INTAKE_NODE_TEMPLATE VALUES (5, 5, 4, 6);
INSERT INTO INTAKE_NODE_TEMPLATE VALUES (6, 6, 5, 7);
INSERT INTO INTAKE_NODE_TEMPLATE VALUES (7, 7, 6, 8);
INSERT INTO INTAKE_NODE_TEMPLATE VALUES (8, 8, 7, 9);
INSERT INTO INTAKE_NODE_TEMPLATE VALUES (9, 9, 7, 10);
INSERT INTO INTAKE_NODE_TEMPLATE VALUES (10, 10, 7, 11);
INSERT INTO INTAKE_NODE_TEMPLATE VALUES (11, 11, 7, 12);
INSERT INTO INTAKE_NODE_TEMPLATE VALUES (12, 12, 7, 13);
INSERT INTO INTAKE_NODE_TEMPLATE VALUES (13, 13, 8, 14);
INSERT INTO INTAKE_NODE_TEMPLATE VALUES (14, 14, 1, 15);





DROP TABLE INTAKE_NODE CASCADE CONSTRAINTS;
CREATE TABLE INTAKE_NODE (
	INTAKE_NODE_ID NUMBER(10),
	CONSTRAINT INTAKE_NODE_PK PRIMARY KEY (INTAKE_NODE_ID),
	INTAKE_NODE_TEMPLATE_ID NUMBER(10),
	INTAKE_NODE_LABEL_ID NUMBER(10),
	POS NUMBER(10) DEFAULT 0,
	PARENT_INTAKE_NODE_ID NUMBER(10),
	CONSTRAINT INTAKE_NODE_FK_1 FOREIGN KEY (INTAKE_NODE_TEMPLATE_ID) REFERENCES INTAKE_NODE_TEMPLATE (INTAKE_NODE_TEMPLATE_ID),
	CONSTRAINT INTAKE_NODE_FK_2 FOREIGN KEY (INTAKE_NODE_LABEL_ID) REFERENCES INTAKE_NODE_LABEL (INTAKE_NODE_LABEL_ID),
	CONSTRAINT INTAKE_NODE_FK_3 FOREIGN KEY (PARENT_INTAKE_NODE_ID) REFERENCES INTAKE_NODE (INTAKE_NODE_ID)
);

CREATE INDEX INTAKE_NODE_INDEX_1 ON INTAKE_NODE(INTAKE_NODE_TEMPLATE_ID);
CREATE INDEX INTAKE_NODE_INDEX_2 ON INTAKE_NODE(INTAKE_NODE_LABEL_ID);
CREATE INDEX INTAKE_NODE_INDEX_3 ON INTAKE_NODE(PARENT_INTAKE_NODE_ID);

INSERT INTO INTAKE_NODE VALUES (1, 1, NULL, 0, NULL);
INSERT INTO INTAKE_NODE VALUES (2, 2, NULL, 0, NULL);





DROP TABLE INTAKE_ANSWER_VALIDATION CASCADE CONSTRAINTS;
CREATE TABLE INTAKE_ANSWER_VALIDATION (
	INTAKE_ANSWER_VALIDATION_ID NUMBER(10),
	CONSTRAINT INTAKE_ANSWER_VALIDATION_PK PRIMARY KEY (INTAKE_ANSWER_VALIDATION_ID),
	TYPE VARCHAR(255)
);

INSERT INTO INTAKE_ANSWER_VALIDATION VALUES (1, 'date');
INSERT INTO INTAKE_ANSWER_VALIDATION VALUES (2, 'integer');
INSERT INTO INTAKE_ANSWER_VALIDATION VALUES (3, 'email');
INSERT INTO INTAKE_ANSWER_VALIDATION VALUES (4, 'phone');





DROP TABLE INTAKE_ANSWER_ELEMENT CASCADE CONSTRAINTS;
CREATE TABLE INTAKE_ANSWER_ELEMENT (
	INTAKE_ANSWER_ELEMENT_ID NUMBER(10),
	CONSTRAINT INTAKE_ANSWER_ELEMENT_PK PRIMARY KEY (INTAKE_ANSWER_ELEMENT_ID),
	INTAKE_NODE_TEMPLATE_ID NUMBER(10),
	INTAKE_ANSWER_VALIDATION_ID NUMBER(10),
	DFLT NUMBER(1) DEFAULT 0,
	ELEMENT VARCHAR(255),
	CONSTRAINT INTAKE_ANSWER_ELEMENT_FK_1 FOREIGN KEY (INTAKE_NODE_TEMPLATE_ID) REFERENCES INTAKE_NODE_TEMPLATE (INTAKE_NODE_TEMPLATE_ID),
	CONSTRAINT INTAKE_ANSWER_ELEMENT_FK_2 FOREIGN KEY (INTAKE_ANSWER_VALIDATION_ID) REFERENCES INTAKE_ANSWER_VALIDATION (INTAKE_ANSWER_VALIDATION_ID)
);

CREATE INDEX INTAKE_ANSWER_ELEMENT_INDEX_1 ON INTAKE_ANSWER_ELEMENT(INTAKE_NODE_TEMPLATE_ID);
CREATE INDEX INTAKE_ANSWER_ELEMENT_INDEX_2 ON INTAKE_ANSWER_ELEMENT(INTAKE_ANSWER_VALIDATION_ID);

INSERT INTO INTAKE_ANSWER_ELEMENT VALUES (1, 7, NULL, 0, 'T');
INSERT INTO INTAKE_ANSWER_ELEMENT VALUES (2, 7, NULL, 1, 'F');
INSERT INTO INTAKE_ANSWER_ELEMENT VALUES (3, 8, NULL, 0, NULL);
INSERT INTO INTAKE_ANSWER_ELEMENT VALUES (4, 9, 1, 0, NULL);
INSERT INTO INTAKE_ANSWER_ELEMENT VALUES (5, 10, 2, 0, NULL);
INSERT INTO INTAKE_ANSWER_ELEMENT VALUES (6, 11, 3, 0, NULL);
INSERT INTO INTAKE_ANSWER_ELEMENT VALUES (7, 12, 4, 0, NULL);
INSERT INTO INTAKE_ANSWER_ELEMENT VALUES (8, 13, NULL, 0, NULL);





DROP TABLE INTAKE CASCADE CONSTRAINTS;
CREATE TABLE INTAKE (
	INTAKE_ID NUMBER(10),
	CONSTRAINT INTAKE_PK PRIMARY KEY (INTAKE_ID),
	INTAKE_NODE_ID NUMBER(10),
	CLIENT_ID NUMBER(10),
	STAFF_ID VARCHAR(10),
	CREATION_DATE DATE,
	CONSTRAINT INTAKE_INTAKE_NODE_ID_FK FOREIGN KEY (INTAKE_NODE_ID) REFERENCES INTAKE_NODE (INTAKE_NODE_ID)
);

CREATE INDEX INTAKE_INTAKE_NODE_ID ON INTAKE(INTAKE_NODE_ID);
CREATE INDEX INTAKE_CLIENT_ID_CREATION_DATE ON INTAKE(CLIENT_ID,CREATION_DATE);





DROP TABLE INTAKE_ANSWER CASCADE CONSTRAINTS;
CREATE TABLE INTAKE_ANSWER (
	INTAKE_ANSWER_ID NUMBER(10),
	CONSTRAINT INTAKE_ANSWER_PK PRIMARY KEY (INTAKE_ANSWER_ID),
	INTAKE_ID NUMBER(10),
	INTAKE_NODE_ID NUMBER(10),
	VAL CLOB,
	CONSTRAINT INTAKE_ANSWER_INTAKE_ID FOREIGN KEY (INTAKE_ID) REFERENCES INTAKE (INTAKE_ID),
	CONSTRAINT INTAKE_ANSWER_INTAKE_NODE_ID FOREIGN KEY (INTAKE_NODE_ID) REFERENCES INTAKE_NODE (INTAKE_NODE_ID)
);

CREATE INDEX INTAKE_ANSWER_INTAKE_ID ON INTAKE_ANSWER(INTAKE_ID);
CREATE INDEX INTAKE_ANSWER_INTAKE_NODE_ID ON INTAKE_ANSWER(INTAKE_NODE_ID);





DROP TABLE ISSUE CASCADE CONSTRAINTS;
CREATE TABLE ISSUE (
	ISSUE_ID NUMBER(10),
	CONSTRAINT ISSUE_PK PRIMARY KEY (ISSUE_ID),
	CODE VARCHAR(20),
	DESCRIPTION VARCHAR(255),
	ROLE VARCHAR(100),
	UPDATE_DATE DATE,
	PRIORITY CHAR(10)
);





DROP TABLE ICD10 CASCADE CONSTRAINTS;
CREATE TABLE ICD10 (
	CODE VARCHAR(10),
	CONSTRAINT ICD10_PK PRIMARY KEY (CODE),
	SHORT_DESC VARCHAR(40),
	LONG_DESC VARCHAR(255)
);





DROP TABLE PROGRAM_QUEUE CASCADE CONSTRAINTS;
CREATE TABLE PROGRAM_QUEUE (
	QUEUE_ID NUMBER(10),
	CONSTRAINT PROGRAM_QUEUE_PK PRIMARY KEY (QUEUE_ID),
	AGENCY_ID NUMBER(10) DEFAULT 0,
	CLIENT_ID NUMBER(10) DEFAULT 0,
	REFERRAL_DATE DATE,
	PROVIDER_NO NUMBER(10) DEFAULT 0,
	NOTES VARCHAR(255),
	PROGRAM_ID NUMBER(10) DEFAULT 0,
	STATUS VARCHAR(30),
	REFERRAL_ID NUMBER(10),
	TEMPORARY_ADMISSION_FLAG NUMBER(1),
	PRESENT_PROBLEMS VARCHAR(255)
);





DROP TABLE PROGRAM_PROVIDER_TEAM CASCADE CONSTRAINTS;
CREATE TABLE PROGRAM_PROVIDER_TEAM (
	ID NUMBER(10) DEFAULT 0,
	ELT NUMBER(10) DEFAULT 0,
	CONSTRAINT PROGRAM_PROVIDER_TEAM_PK PRIMARY KEY (ID,ELT)
);

CREATE INDEX PROGRAM_PROVIDER_TEAM_ELT ON PROGRAM_PROVIDER_TEAM(ELT);





DROP TABLE PROGRAM_TEAM CASCADE CONSTRAINTS;
CREATE TABLE PROGRAM_TEAM (
	TEAM_ID NUMBER(10),
	CONSTRAINT PROGRAM_TEAM_PK PRIMARY KEY (TEAM_ID),
	NAME VARCHAR(255),
	PROGRAM_ID NUMBER(10)
);





DROP TABLE PMM_LOG CASCADE CONSTRAINTS;
CREATE TABLE PMM_LOG (
	ID NUMBER(10),
	CONSTRAINT PMM_LOG_PK PRIMARY KEY (ID),
	PROVIDER_NO VARCHAR(255),
	DATETIME DATE,
	ACTION VARCHAR(20),
	CONTENTID VARCHAR(80),
	CONTENT VARCHAR(80),
	IP VARCHAR(30)
);





DROP TABLE PROGRAM_CLIENTSTATUS CASCADE CONSTRAINTS;
CREATE TABLE PROGRAM_CLIENTSTATUS (
	CLIENTSTATUS_ID NUMBER(10),
	CONSTRAINT PROGRAM_CLIENTSTATUS_PK PRIMARY KEY (CLIENTSTATUS_ID),
	NAME VARCHAR(255),
	PROGRAM_ID NUMBER(10),
	DESCRIPTION VARCHAR(255),
	BLOCK_REFERRAL NUMBER(1) DEFAULT 0
);



DROP TABLE TICKLER CASCADE CONSTRAINTS;
CREATE TABLE TICKLER (
	TICKLER_NO NUMBER(10),
	CONSTRAINT TICKLER_PK PRIMARY KEY (TICKLER_NO),
	DEMOGRAPHIC_NO NUMBER(10) DEFAULT 0,
	MESSAGE CLOB,
	STATUS CHAR(1),
	UPDATE_DATE DATE,
	SERVICE_DATE DATE,
	CREATOR VARCHAR(10),
	PRIORITY VARCHAR(6) DEFAULT 'Normal',
	TASK_ASSIGNED_TO VARCHAR(255)
);



DROP TABLE TICKLER_UPDATE CASCADE CONSTRAINTS;
CREATE TABLE TICKLER_UPDATE (
	ID NUMBER(10),
	CONSTRAINT TICKLER_UPDATE_PK PRIMARY KEY (ID),
	TICKLER_NO NUMBER(10),
	STATUS CHAR(1),
	PROVIDER_NO VARCHAR(10),
	UPDATE_DATE DATE
);





DROP TABLE TICKLER_COMMENTS CASCADE CONSTRAINTS;
CREATE TABLE TICKLER_COMMENTS (
	ID NUMBER(10),
	CONSTRAINT TICKLER_COMMENTS_PK PRIMARY KEY (ID),
	TICKLER_NO NUMBER(10),
	MESSAGE CLOB,
	PROVIDER_NO VARCHAR(10),
	UPDATE_DATE DATE
);

DROP TABLE CUSTOM_FILTER CASCADE CONSTRAINTS;
CREATE TABLE CUSTOM_FILTER (
	ID NUMBER(10) , /* AUTO_INCREMENT*/
	CONSTRAINT CUSTOM_FILTER_PK PRIMARY KEY (ID),
	PROVIDER_NO VARCHAR2(10),
	NAME VARCHAR2(255) UNIQUE NOT NULL,
	START_DATE DATE,
	END_DATE DATE ,
	STATUS CHAR(1),
	PRIORITY VARCHAR2(20),
	DEMOGRAPHIC_NO VARCHAR2(20)
);


DROP TABLE CUSTOM_FILTER_PROVIDERS CASCADE CONSTRAINTS;
CREATE TABLE CUSTOM_FILTER_PROVIDERS (
	FILTER_ID NUMBER(10) NOT NULL,
	PROVIDER_NO VARCHAR2(10) NOT NULL
);


DROP TABLE CUSTOM_FILTER_ASSIGNEES CASCADE CONSTRAINTS;
CREATE TABLE CUSTOM_FILTER_ASSIGNEES (
	FILTER_ID NUMBER(10) NOT NULL,
	PROVIDER_NO VARCHAR2(10) NOT NULL
);




DROP TABLE DEMOGRAPHICEXT CASCADE CONSTRAINTS;
CREATE TABLE DEMOGRAPHICEXT (
	ID NUMBER(10),
	CONSTRAINT DEMOGRAPHICEXT_PK PRIMARY KEY (ID),
	DEMOGRAPHIC_NO NUMBER(10),
	PROVIDER_NO VARCHAR(10),
	KEY_VAL VARCHAR(10),
	VALUE CLOB,
	DATE_TIME DATE,
	HIDDEN CHAR(1) DEFAULT '0'
);

CREATE INDEX DEMOGRAPHICEXT_INDEX_1 ON DEMOGRAPHICEXT(DEMOGRAPHIC_NO);


DROP TABLE DEMOGRAPHICSTUDY CASCADE CONSTRAINTS;
CREATE TABLE DEMOGRAPHICSTUDY (
  DEMOGRAPHIC_NO NUMBER(10) NOT NULL,
  STUDY_NO NUMBER(3) NOT NULL,
  PROVIDER_NO VARCHAR(10),
  TIMESTAMP DATE,
  CONSTRAINT DEMOGRAPHICSTUDY_PK PRIMARY KEY(DEMOGRAPHIC_NO, STUDY_NO)
);




DROP TABLE CONSENT CASCADE CONSTRAINTS;
CREATE TABLE CONSENT (
	ID NUMBER(10),
	CONSTRAINT CONSENT_PK PRIMARY KEY (ID),
	DEMOGRAPHIC_NO NUMBER(10)  DEFAULT 0,
	PROVIDER_NO VARCHAR(255),
	PROVIDER_NAME VARCHAR(255),
	DATE_SIGNED DATE,
	ANSWER_1 NUMBER(10),
	ANSWER_2 NUMBER(10),
	ANSWER_3 NUMBER(10),
	STATUS VARCHAR(255),
	HARDCOPY NUMBER(1),
	LOCATION VARCHAR(255),
	FORM_NAME VARCHAR(255),
	FORM_VERSION VARCHAR(255),
	SIGNATURE_DECLARATION NUMBER(1),
	EXCLUSIONS VARCHAR(255),
	REFUSED NUMBER(1)
);





DROP TABLE CASEMGMT_TMPSAVE CASCADE CONSTRAINTS;
CREATE TABLE CASEMGMT_TMPSAVE (
	ID NUMBER(10),
	CONSTRAINT CASEMGMT_TMPSAVE_PK PRIMARY KEY (ID),
	DEMOGRAPHIC_NO NUMBER(10),
	PROVIDER_NO VARCHAR(255),
	PROGRAM_ID NUMBER(10),
	NOTE CLOB,
	UPDATE_DATE DATE
);

DROP TABLE CASEMGMT_ISSUE CASCADE CONSTRAINTS;
CREATE TABLE CASEMGMT_ISSUE (
    ID NUMBER(10),
    CONSTRAINT CASEMGMT_ISSUE_PK PRIMARY KEY (ID),
    DEMOGRAPHIC_NO VARCHAR(10),
    ISSUE_ID NUMBER(10) DEFAULT 0,
    ACUTE NUMBER(1) DEFAULT 0,
    CERTAIN NUMBER(1) DEFAULT 0,
    MAJOR NUMBER(1) DEFAULT 0,
    RESOLVED NUMBER(1) DEFAULT 0,
    TYPE VARCHAR(100),
    UPDATE_DATE DATE
);
CREATE INDEX CASEMGMT_ISSUE_ISSUE_IDX ON CASEMGMT_ISSUE(ISSUE_ID);


DROP TABLE CASEMGMT_ISSUE_NOTES CASCADE CONTRAINTS;
CREATE TABLE CASEMGMT_ISSUE_NOTES (
  	ID NUMBER(10),
  	NOTE_ID NUMBER(10),
  	CONSTRAINT CASEMGMT_ISSUE_NOTES_PK PRIMARY KEY(ID, NOTE_ID)  	
);


DROP TABLE CASEMGMT_NOTE CASCADE CONTRAINTS;
CREATE TABLE CASEMGMT_NOTE (
  NOTE_ID NUMBER(10), /* AUTO_INCREMENT */
  CONSTRAINT CASEMGMT_NOTE_PK PRIMARY KEY(NOTE_ID),
  UPDATE_DATE TIMESTAMP,
  DEMOGRAPHIC_NO VARCHAR2(20),
  PROVIDER_NO VARCHAR2(20),
  NOTE CLOB,
  SIGNED NUMBER(1) ,
  INCLUDE_ISSUE_INNOTE NUMBER(1),
  SIGNING_PROVIDER_NO VARCHAR2(20),
  ENCOUNTER_TYPE VARCHAR2(100) ,
  BILLING_CODE VARCHAR2(100) ',
  PROGRAM_NO VARCHAR2(20),
  AGENCY_NO VARCHAR2(20),
  REPORTER_CAISI_ROLE VARCHAR2(20) ',
  REPORTER_PROGRAM_TEAM VARCHAR2(20) ,
  HISTORY CLOB,
  PASSWORD VARCHAR2(255),
  LOCKED CHAR(1),
  UUID CHAR(36)
);
CREATE INDEX CASEMGMT_NOTE_IDX ON CASEMGMT_NOTE(PROVIDER_NO);


DROP TABLE CLIENT_IMAGE CASCADE CONSTRAINTS;
CREATE TABLE CLIENT_IMAGE (
	IMAGE_ID NUMBER(10),
	CONSTRAINT CLIENT_IMAGE_PK PRIMARY KEY (IMAGE_ID),
	DEMOGRAPHIC_NO NUMBER(10),
	IMAGE_TYPE VARCHAR(255),
	IMAGE_DATA BLOB,
	UPDATE_DATE DATE
);





DROP TABLE CLIENT_REFERRAL CASCADE CONSTRAINTS;
CREATE TABLE CLIENT_REFERRAL (
	REFERRAL_ID NUMBER(10),
	CONSTRAINT CLIENT_REFERRAL_PK PRIMARY KEY (REFERRAL_ID),
	AGENCY_ID NUMBER(10) DEFAULT 0,
	CLIENT_ID NUMBER(10) DEFAULT 0,
	REFERRAL_DATE DATE,
	PROVIDER_NO NUMBER(10) DEFAULT 0,
	NOTES VARCHAR(255),
	PROGRAM_ID NUMBER(10) DEFAULT 0,
	STATUS VARCHAR(30),
	COMPLETION_NOTES VARCHAR(255),
	TEMPORARY_ADMISSION_FLAG NUMBER(1),
	COMPLETION_DATE DATE,
	SOURCE_AGENCY_ID NUMBER(10),
	PRESENT_PROBLEMS VARCHAR(255),
	RADIOREJECTIONREASON VARCHAR(10) DEFAULT '0'
);





DROP TABLE BED_DEMOGRAPHIC CASCADE CONSTRAINTS;
CREATE TABLE BED_DEMOGRAPHIC (
	BED_ID NUMBER(10),
	CONSTRAINT BED_DEMOGRAPHIC_UK1 UNIQUE (BED_ID),
	DEMOGRAPHIC_NO NUMBER(10),
	CONSTRAINT BED_DEMOGRAPHIC_UK2 UNIQUE (DEMOGRAPHIC_NO),
	CONSTRAINT BED_DEMOGRAPHIC_PK PRIMARY KEY (BED_ID,DEMOGRAPHIC_NO),
	BED_DEMOGRAPHIC_STATUS_ID NUMBER(10) DEFAULT 1,
	PROVIDER_NO VARCHAR(10),
	LATE_PASS NUMBER(1) DEFAULT 0,
	RESERVATION_START DATE,
	RESERVATION_END DATE
);





DROP TABLE BED CASCADE CONSTRAINTS;
CREATE TABLE BED (
	BED_ID NUMBER(10),
	CONSTRAINT BED_PK PRIMARY KEY (BED_ID),
	BED_TYPE_ID NUMBER(10) DEFAULT 1,
	ROOM_ID NUMBER(10) DEFAULT NULL,
	FACILITY_ID NUMBER(10) DEFAULT 0,
	ROOM_START DATE,
	TEAM_ID NUMBER(10) DEFAULT NULL,
	NAME VARCHAR(45),
	ACTIVE NUMBER(1) DEFAULT 1
);





DROP TABLE BED_CHECK_TIME CASCADE CONSTRAINTS;
CREATE TABLE BED_CHECK_TIME (
	BED_CHECK_TIME_ID NUMBER(10),
	CONSTRAINT BED_CHECK_TIME_PK PRIMARY KEY (BED_CHECK_TIME_ID),
	PROGRAM_ID NUMBER(10),
	BED_CHECK_TIME DATE,
	CONSTRAINT BED_CHECK_TIME_UK1 UNIQUE (PROGRAM_ID,BED_CHECK_TIME)
);





DROP TABLE BED_DEMOGRAPHIC_HISTORICAL CASCADE CONSTRAINTS;
CREATE TABLE BED_DEMOGRAPHIC_HISTORICAL (
	BED_ID NUMBER(10),
	DEMOGRAPHIC_NO NUMBER(10),
	USAGE_START DATE,
	CONSTRAINT BED_DEMOGRAPHIC_HISTORICAL_PK PRIMARY KEY (BED_ID,DEMOGRAPHIC_NO,USAGE_START),
	USAGE_END DATE
);





DROP TABLE BED_DEMOGRAPHIC_STATUS CASCADE CONSTRAINTS;
CREATE TABLE BED_DEMOGRAPHIC_STATUS (
	BED_DEMOGRAPHIC_STATUS_ID NUMBER(10),
	CONSTRAINT BED_DEMOGRAPHIC_STATUS_PK PRIMARY KEY (BED_DEMOGRAPHIC_STATUS_ID),
	NAME VARCHAR(45),
	DURATION NUMBER(10) DEFAULT 0,
	DFLT NUMBER(1) DEFAULT 0
);

INSERT INTO BED_DEMOGRAPHIC_STATUS VALUES (1, 'N/A', 0, 1);




DROP TABLE BED_TYPE CASCADE CONSTRAINTS;
CREATE TABLE BED_TYPE (
	BED_TYPE_ID NUMBER(10),
	CONSTRAINT BED_TYPE_PK PRIMARY KEY (BED_TYPE_ID),
	NAME VARCHAR(45),
	DFLT NUMBER(1) DEFAULT 0
);

INSERT INTO BED_TYPE VALUES (1, 'N/A', 1);





DROP TABLE CAISI_FORM_DATA CASCADE CONSTRAINTS;
CREATE TABLE CAISI_FORM_DATA (
	ID NUMBER(10),
	CONSTRAINT CAISI_FORM_DATA_PK PRIMARY KEY (ID),
	INSTANCE_ID NUMBER(10),
	PAGE_NUMBER NUMBER(10),
	SECTION_ID NUMBER(10),
	QUESTION_ID NUMBER(10),
	VALUE CLOB,
	DATA_KEY VARCHAR(255)
);

CREATE INDEX CAISI_FORM_DATA_INDEX_1 ON CAISI_FORM_DATA(INSTANCE_ID);





DROP TABLE CAISI_FORM CASCADE CONSTRAINTS;
CREATE TABLE CAISI_FORM (
	FORM_ID NUMBER(10),
	CONSTRAINT CAISI_FORM_PK PRIMARY KEY (FORM_ID),
	DESCRIPTION VARCHAR(255),
	SURVEYDATA CLOB,
	STATUS NUMBER(10),
	VERSION NUMBER(10) DEFAULT 0
);





DROP TABLE CAISI_FORM_INSTANCE CASCADE CONSTRAINTS;
CREATE TABLE CAISI_FORM_INSTANCE (
	ID NUMBER(10),
	CONSTRAINT CAISI_FORM_INSTANCE_PK PRIMARY KEY (ID),
	FORM_ID NUMBER(10),
	DESCRIPTION VARCHAR(255),
	DATE_CREATED DATE,
	USER_ID NUMBER(10),
	USERNAME VARCHAR(255),
	CLIENT_ID NUMBER(10)
);





DROP TABLE CAISI_ROLE CASCADE CONSTRAINTS;
CREATE TABLE CAISI_ROLE (
	ROLE_ID NUMBER(10),
	CONSTRAINT CAISI_ROLE_PK PRIMARY KEY (ROLE_ID),
	NAME VARCHAR(255),
	OSCAR_NAME VARCHAR(255),
	UPDATE_DATE DATE
);

INSERT INTO CAISI_ROLE VALUES (1,'doctor',NULL,SYSDATE);
INSERT INTO CAISI_ROLE VALUES (2,'nurse',NULL,SYSDATE);
INSERT INTO CAISI_ROLE VALUES (3,'counsellor',NULL,SYSDATE);
INSERT INTO CAISI_ROLE VALUES (4,'csw',NULL,SYSDATE);





DROP TABLE PROGRAMSIGNATURE CASCADE CONSTRAINTS;
CREATE TABLE PROGRAMSIGNATURE (
	ID NUMBER(10),
	CONSTRAINT PROGRAMSIGNATURE_PK PRIMARY KEY (ID),
	PROGRAMID NUMBER(10) DEFAULT 0, 	 
	PROGRAMNAME VARCHAR(70),
	PROVIDERID VARCHAR(10) DEFAULT '0',
	PROVIDERNAME VARCHAR(60),
	CAISIROLENAME VARCHAR(255),
	UPDATEDATE DATE
);





DROP TABLE FUNCTIONAL_USER_TYPE CASCADE CONSTRAINTS;
CREATE TABLE FUNCTIONAL_USER_TYPE (
	ID NUMBER(10),
	CONSTRAINT FUNCTIONAL_USER_TYPE_PK PRIMARY KEY (ID),
	NAME VARCHAR(255)
);





DROP TABLE PROGRAM_FUNCTIONAL_USER CASCADE CONSTRAINTS;
CREATE TABLE PROGRAM_FUNCTIONAL_USER (
	ID NUMBER(10),
	CONSTRAINT PROGRAM_FUNCTIONAL_USER_PK PRIMARY KEY (ID),
	PROGRAM_ID NUMBER(10),
	USER_TYPE_ID NUMBER(10),
	PROVIDER_NO NUMBER(10)
);

CREATE INDEX P_F_U_INDEX_1 ON PROGRAM_FUNCTIONAL_USER(USER_TYPE_ID);
CREATE INDEX P_F_U_INDEX_2 ON PROGRAM_FUNCTIONAL_USER(PROVIDER_NO);





DROP TABLE PROGRAM_ACCESS CASCADE CONSTRAINTS;
CREATE TABLE PROGRAM_ACCESS (
	ID NUMBER(10),
	CONSTRAINT PROGRAM_ACCESS_PK PRIMARY KEY (ID),
	PROGRAM_ID NUMBER(10),
	ACCESS_TYPE_ID VARCHAR(255),
	ALL_ROLES NUMBER(1)
);

CREATE INDEX PROGRAM_ACCESS_INDEX_1 ON PROGRAM_ACCESS(ACCESS_TYPE_ID);






DROP TABLE PROGRAM_ACCESS_ROLES CASCADE CONSTRAINTS;
CREATE TABLE PROGRAM_ACCESS_ROLES (
	ID NUMBER(10) DEFAULT 0,
	ROLE_ID NUMBER(10) DEFAULT 0,
	CONSTRAINT PROGRAM_ACCESS_ROLES_PK PRIMARY KEY (ID,ROLE_ID)
);

CREATE INDEX PROGRAM_ACCESS_ROLES_INDEX_1 ON PROGRAM_ACCESS_ROLES(ID);
CREATE INDEX PROGRAM_ACCESS_ROLES_INDEX_2 ON PROGRAM_ACCESS_ROLES(ROLE_ID);





DROP TABLE ACCESS_TYPE CASCADE CONSTRAINTS;
CREATE TABLE ACCESS_TYPE (
	ACCESS_ID NUMBER(10),
	CONSTRAINT ACCESS_TYPE_PK PRIMARY KEY (ACCESS_ID),
	NAME VARCHAR(255),
	TYPE VARCHAR(255)
);

INSERT INTO ACCESS_TYPE VALUES (1,'write doctor issues','access');
INSERT INTO ACCESS_TYPE VALUES (2,'read doctor issues','access');
INSERT INTO ACCESS_TYPE VALUES (3,'read doctor notes','access');
INSERT INTO ACCESS_TYPE VALUES (4,'write nurse issues','access');
INSERT INTO ACCESS_TYPE VALUES (5,'read nurse issues','access');
INSERT INTO ACCESS_TYPE VALUES (6,'read nurse notes','access');
INSERT INTO ACCESS_TYPE VALUES (7,'write counsellor issues','access');
INSERT INTO ACCESS_TYPE VALUES (8,'read counsellor issues','access');
INSERT INTO ACCESS_TYPE VALUES (9,'read counsellor notes','access');
INSERT INTO ACCESS_TYPE VALUES (10,'write csw issues','access');
INSERT INTO ACCESS_TYPE VALUES (11,'read csw issues','access');
INSERT INTO ACCESS_TYPE VALUES (12,'read csw notes','access');

INSERT INTO ACCESS_TYPE VALUES (13,'Write Ticklers','Action');
INSERT INTO ACCESS_TYPE VALUES (14,'prescription Write','access');
INSERT INTO ACCESS_TYPE VALUES (15,'billing','access');
INSERT INTO ACCESS_TYPE VALUES (16,'medical encounter','access');
INSERT INTO ACCESS_TYPE VALUES (17,'immunization','access');
INSERT INTO ACCESS_TYPE VALUES (18,'prevention','access');
INSERT INTO ACCESS_TYPE VALUES (19,'oscarcomm','access');
INSERT INTO ACCESS_TYPE VALUES (20,'disease registry','access');
INSERT INTO ACCESS_TYPE VALUES (21,'medical form','access');
INSERT INTO ACCESS_TYPE VALUES (22,'measurements','access');
INSERT INTO ACCESS_TYPE VALUES (23,'eform','access');
INSERT INTO ACCESS_TYPE VALUES (24,'lab','access');
INSERT INTO ACCESS_TYPE VALUES (25,'prescription Read','access');
INSERT INTO ACCESS_TYPE VALUES (26,'read ticklers','access');
INSERT INTO ACCESS_TYPE VALUES (27,'master file','access');





DROP TABLE FACILITY CASCADE CONSTRAINTS;
CREATE TABLE FACILITY (
	ID NUMBER(10),
	CONSTRAINT FACILITY_PK PRIMARY KEY (ID),
	AGENCY_ID NUMBER(10),
	CONSTRAINT FK_FACILITY_AGENCY FOREIGN KEY (AGENCY_ID) REFERENCES AGENCY (ID),
	NAME VARCHAR(32),
	CONSTRAINT FACILITY_UK1 UNIQUE (NAME),
	DESCRIPTION VARCHAR(255),
	DISABLED NUMBER(1) DEFAULT 0
);

INSERT INTO FACILITY (ID, NAME, DESCRIPTION, DISABLED) VALUES (1, 'Default Facility', 'Default facility, please modify with a more appropriate name and description', 0);





DROP TABLE ROOM CASCADE CONSTRAINTS;
CREATE TABLE ROOM (
	ROOM_ID NUMBER(10),
	CONSTRAINT ROOM_PK PRIMARY KEY (ROOM_ID),
	ROOM_TYPE_ID NUMBER(10) DEFAULT 1,
	PROGRAM_ID NUMBER(10),
	NAME VARCHAR(45),
	FLOOR VARCHAR(45),
	ACTIVE NUMBER(1) DEFAULT 1,
	FACILITY_ID NUMBER(10),
	CONSTRAINT FK_ROOM_FACILITY FOREIGN KEY (FACILITY_ID) REFERENCES FACILITY (ID)
);





DROP TABLE ROOM_BED_HISTORICAL CASCADE CONSTRAINTS;
CREATE TABLE ROOM_BED_HISTORICAL (
	ROOM_ID NUMBER(10),
	BED_ID NUMBER(10),
	CONTAIN_START DATE,
	CONSTRAINT ROOM_BED_HISTORICAL_PK PRIMARY KEY (ROOM_ID,BED_ID,CONTAIN_START),
	CONTAIN_END DATE
);





DROP TABLE ROOM_TYPE CASCADE CONSTRAINTS;
CREATE TABLE ROOM_TYPE (
	ROOM_TYPE_ID NUMBER(10),
	CONSTRAINT ROOM_TYPE_ID_PK PRIMARY KEY (ROOM_TYPE_ID),
	NAME VARCHAR(45),
	DFLT NUMBER(1) DEFAULT 0
);





DROP TABLE DEFAULT_ROLE_ACCESS CASCADE CONSTRAINTS;
CREATE TABLE DEFAULT_ROLE_ACCESS (
	ID NUMBER(10),
	CONSTRAINT DEFAULT_ROLE_ACCESS_PK PRIMARY KEY (ID),
	ROLE_ID NUMBER(10) DEFAULT 0,
	ACCESS_ID NUMBER(10) DEFAULT 0
);

INSERT INTO DEFAULT_ROLE_ACCESS VALUES (1, (SELECT ROLE_ID FROM CAISI_ROLE WHERE NAME='doctor'),(SELECT ACCESS_ID FROM ACCESS_TYPE WHERE NAME='Write Ticklers'));
INSERT INTO DEFAULT_ROLE_ACCESS VALUES (2, (SELECT ROLE_ID FROM CAISI_ROLE WHERE NAME='doctor'),(SELECT ACCESS_ID FROM ACCESS_TYPE WHERE NAME='prescription Write'));
INSERT INTO DEFAULT_ROLE_ACCESS VALUES (3, (SELECT ROLE_ID FROM CAISI_ROLE WHERE NAME='doctor'),(SELECT ACCESS_ID FROM ACCESS_TYPE WHERE NAME='billing'));
INSERT INTO DEFAULT_ROLE_ACCESS VALUES (4, (SELECT ROLE_ID FROM CAISI_ROLE WHERE NAME='doctor'),(SELECT ACCESS_ID FROM ACCESS_TYPE WHERE NAME='medical encounter'));
INSERT INTO DEFAULT_ROLE_ACCESS VALUES (5, (SELECT ROLE_ID FROM CAISI_ROLE WHERE NAME='doctor'),(SELECT ACCESS_ID FROM ACCESS_TYPE WHERE NAME='immunization'));
INSERT INTO DEFAULT_ROLE_ACCESS VALUES (6, (SELECT ROLE_ID FROM CAISI_ROLE WHERE NAME='doctor'),(SELECT ACCESS_ID FROM ACCESS_TYPE WHERE NAME='prevention'));
INSERT INTO DEFAULT_ROLE_ACCESS VALUES (7, (SELECT ROLE_ID FROM CAISI_ROLE WHERE NAME='doctor'),(SELECT ACCESS_ID FROM ACCESS_TYPE WHERE NAME='oscarcomm'));
INSERT INTO DEFAULT_ROLE_ACCESS VALUES (8, (SELECT ROLE_ID FROM CAISI_ROLE WHERE NAME='doctor'),(SELECT ACCESS_ID FROM ACCESS_TYPE WHERE NAME='disease registry'));
INSERT INTO DEFAULT_ROLE_ACCESS VALUES (9, (SELECT ROLE_ID FROM CAISI_ROLE WHERE NAME='doctor'),(SELECT ACCESS_ID FROM ACCESS_TYPE WHERE NAME='medical form'));
INSERT INTO DEFAULT_ROLE_ACCESS VALUES (10, (SELECT ROLE_ID FROM CAISI_ROLE WHERE NAME='doctor'),(SELECT ACCESS_ID FROM ACCESS_TYPE WHERE NAME='measurements'));
INSERT INTO DEFAULT_ROLE_ACCESS VALUES (11, (SELECT ROLE_ID FROM CAISI_ROLE WHERE NAME='doctor'),(SELECT ACCESS_ID FROM ACCESS_TYPE WHERE NAME='eform'));
INSERT INTO DEFAULT_ROLE_ACCESS VALUES (12, (SELECT ROLE_ID FROM CAISI_ROLE WHERE NAME='doctor'),(SELECT ACCESS_ID FROM ACCESS_TYPE WHERE NAME='lab'));
INSERT INTO DEFAULT_ROLE_ACCESS VALUES (13, (SELECT ROLE_ID FROM CAISI_ROLE WHERE NAME='doctor'),(SELECT ACCESS_ID FROM ACCESS_TYPE WHERE NAME='prescription Read'));
INSERT INTO DEFAULT_ROLE_ACCESS VALUES (14, (SELECT ROLE_ID FROM CAISI_ROLE WHERE NAME='doctor'),(SELECT ACCESS_ID FROM ACCESS_TYPE WHERE NAME='read ticklers'));
INSERT INTO DEFAULT_ROLE_ACCESS VALUES (15, (SELECT ROLE_ID FROM CAISI_ROLE WHERE NAME='doctor'),(SELECT ACCESS_ID FROM ACCESS_TYPE WHERE NAME='master file'));





DROP TABLE CTL_BILLINGSERVICE CASCADE CONSTRAINTS;
CREATE TABLE CTL_BILLINGSERVICE (
	SERVICETYPE_NAME VARCHAR(150),
	SERVICETYPE VARCHAR(10),
	SERVICE_CODE VARCHAR(10),
	SERVICE_GROUP_NAME VARCHAR(20),
	SERVICE_GROUP VARCHAR(20),
	STATUS CHAR(1),
	SERVICE_ORDER NUMBER(4) 
);





DROP TABLE CTL_BILLINGSERVICE_PREMIUM CASCADE CONSTRAINTS;
CREATE TABLE CTL_BILLINGSERVICE_PREMIUM (
	SERVICETYPE_NAME VARCHAR(150),
	SERVICE_CODE VARCHAR(10),
	STATUS CHAR(1),
	UPDATE_DATE DATE
);





DROP TABLE CTL_DIAGCODE CASCADE CONSTRAINTS;
CREATE TABLE CTL_DIAGCODE (
	SERVICETYPE VARCHAR(10),
	DIAGNOSTIC_CODE VARCHAR(5),
	STATUS CHAR(1)
);





DROP TABLE CTL_DOCTYPE CASCADE CONSTRAINTS;
CREATE TABLE CTL_DOCTYPE (
	MODULE VARCHAR(30),
	DOCTYPE VARCHAR(60),
	STATUS CHAR(1)
);


INSERT INTO CTL_DOCTYPE VALUES ('demographic','lab','A');
INSERT INTO CTL_DOCTYPE VALUES ('demographic','consult','A');
INSERT INTO CTL_DOCTYPE VALUES ('demographic','insurance','A');
INSERT INTO CTL_DOCTYPE VALUES ('demographic','legal','A');
INSERT INTO CTL_DOCTYPE VALUES ('demographic','oldchart','A');
INSERT INTO CTL_DOCTYPE VALUES ('demographic','radiology','A');
INSERT INTO CTL_DOCTYPE VALUES ('demographic','pathology','A');
INSERT INTO CTL_DOCTYPE VALUES ('demographic','others','A');
INSERT INTO CTL_DOCTYPE VALUES ('provider','resources','A');
INSERT INTO CTL_DOCTYPE VALUES ('provider','desktop','A');
INSERT INTO CTL_DOCTYPE VALUES ('provider','handout','A');
INSERT INTO CTL_DOCTYPE VALUES ('provider','forms','A');
INSERT INTO CTL_DOCTYPE VALUES ('provider','others','A');
INSERT INTO CTL_DOCTYPE VALUES ('provider','shared','A');



DROP TABLE CTL_DOCUMENT CASCADE CONSTRAINTS;
CREATE TABLE CTL_DOCUMENT (
	MODULE VARCHAR(30),
	MODULE_ID NUMBER(10) DEFAULT 0,
	DOCUMENT_NO NUMBER(10) DEFAULT 0,
	STATUS CHAR(1)
);



INSERT INTO CTL_DOCUMENT VALUES ('provider',999998,4953,'A');
INSERT INTO CTL_DOCUMENT VALUES ('provider',999998,4954,'H');
INSERT INTO CTL_DOCUMENT VALUES ('demographic',2147483647,4955,'A');




DROP TABLE CTL_FREQUENCY CASCADE CONSTRAINTS;
CREATE TABLE CTL_FREQUENCY (
	FREQID NUMBER(10),
	CONSTRAINT CTL_FREQUENCY_PK PRIMARY KEY (FREQID),
	FREQCODE VARCHAR(8),
	DAILYMIN VARCHAR(5) DEFAULT '0',
	DAILYMAX VARCHAR(5) DEFAULT '0'
);


DROP TABLE INDIVODOCS CASCADE CONSTRAINTS;
CREATE TABLE INDIVODOCS (
    ID NUMBER(10) NOT NULL,
    CONSTRAINT INDIVODOCS_PK PRIMARY KEY (ID),
    OSCARDOCNO NUMBER(10),
    INDIVODOCIDX VARCHAR2(255),
    DOCTYPE VARCHAR(20),
    DATESENT DATE ,
    UPDATED CHAR(1)
);


DROP TABLE CTL_PROVIDER CASCADE CONSTRAINTS;
CREATE TABLE CTL_PROVIDER (
	CLINIC_NO NUMBER(10) DEFAULT 0,
	PROVIDER_NO NUMBER(10) DEFAULT 0,
	STATUS CHAR(1)
);





DROP TABLE CTL_SPECIALINSTRUCTIONS CASCADE CONSTRAINTS;
CREATE TABLE CTL_SPECIALINSTRUCTIONS (
	ID NUMBER(10),
	CONSTRAINT CTL_SPECIALINSTRUCTIONS_PK PRIMARY KEY (ID),
	DESCRIPTION VARCHAR(50)
);


DROP TABLE DOCUMENT CASCADE CONSTRAINTS;
CREATE TABLE DOCUMENT (
  DOCUMENT_NO NUMBER(10) NOT NULL,
  CONSTRAINT DOCUMENT_PK PRIMARY KEY (DOCUMENT_NO),
  DOCTYPE VARCHAR2(20),
  DOCDESC VARCHAR2(255),
  DOCXML CLOB,
  DOCFILENAME VARCHAR2(255) NOT NULL,
  DOCCREATOR VARCHAR2(30) NOT NULL,
  UPDATEDATETIME TIMESTAMP,
  STATUS CHAR(1) NOT NULL,
  CONTENTTYPE VARCHAR2(60) NOT NULL,
  PUBLIC_NO NUMBER(1) NOT NULL,
  OBSERVATIONDATE DATE
);



DROP TABLE SECROLE CASCADE CONSTRAINTS;
CREATE TABLE SECROLE (
	ROLE_NO NUMBER(10),
	CONSTRAINT SECROLE_PK PRIMARY KEY (ROLE_NO),
	ROLE_NAME VARCHAR(30),
	CONSTRAINT SECROLE_UK1 UNIQUE (ROLE_NAME)
);

INSERT INTO SECROLE VALUES(1, 'receptionist');
INSERT INTO SECROLE VALUES(2, 'doctor');
INSERT INTO SECROLE VALUES(3, 'admin');
INSERT INTO SECROLE VALUES(4, 'locum');
INSERT INTO SECROLE VALUES(5, 'nurse');
INSERT INTO SECROLE VALUES(6, 'Vaccine Provider');
INSERT INTO SECROLE VALUES(7, 'external');
INSERT INTO SECROLE VALUES(8, 'er_clerk');




DROP TABLE SECPRIVILEGE CASCADE CONSTRAINTS;
CREATE TABLE SECPRIVILEGE (
	ID NUMBER(2),
	CONSTRAINT SECPRIVILEGE_PK PRIMARY KEY (ID),
	PRIVILEGE VARCHAR(5) DEFAULT '0',
	DESCRIPTION VARCHAR(80),
	CONSTRAINT SECPRIVILEGE_UK1 UNIQUE (PRIVILEGE)
) ;

INSERT INTO SECPRIVILEGE VALUES(1, '*', 'All rights.');
INSERT INTO SECPRIVILEGE VALUES(2, 'r', 'Read');
INSERT INTO SECPRIVILEGE VALUES(3, 'w', 'Write');
INSERT INTO SECPRIVILEGE VALUES(4, 'd', 'Delete');
INSERT INTO SECPRIVILEGE VALUES(5, 'o', 'No rights.');
INSERT INTO SECPRIVILEGE VALUES(6, 'or', 'Only Read');
INSERT INTO SECPRIVILEGE VALUES(7, 'ow', 'Only Write');
INSERT INTO SECPRIVILEGE VALUES(8, 'od', 'Only Delete');

DROP TABLE SECOBJECTNAME CASCADE CONSTRAINTS;
CREATE TABLE SECOBJECTNAME (
  OBJECTNAME VARCHAR2(100) NOT NULL,
  CONSTRAINT SECOBJECTNAME_PK PRIMARY KEY  (OBJECTNAME)
) ;

INSERT INTO SECOBJECTNAME VALUES('_appointment');
INSERT INTO SECOBJECTNAME VALUES('_admin');
INSERT INTO SECOBJECTNAME VALUES('_eChart');
INSERT INTO SECOBJECTNAME VALUES('_demographic');
INSERT INTO SECOBJECTNAME VALUES('_appointment.doctorLink');
INSERT INTO SECOBJECTNAME VALUES('_eChart.verifyButton');
INSERT INTO SECOBJECTNAME VALUES('_billing');
INSERT INTO SECOBJECTNAME VALUES('_tasks');
INSERT INTO SECOBJECTNAME VALUES('_formMentalHealth');
INSERT INTO SECOBJECTNAME VALUES ('_admin.userAdmin');
INSERT INTO SECOBJECTNAME VALUES ('_admin.schedule');
INSERT INTO SECOBJECTNAME VALUES ('_admin.billing');
INSERT INTO SECOBJECTNAME VALUES ('_admin.resource');
INSERT INTO SECOBJECTNAME VALUES ('_admin.reporting');
INSERT INTO SECOBJECTNAME VALUES ('_admin.backup');
INSERT INTO SECOBJECTNAME VALUES ('_admin.messenger');
INSERT INTO SECOBJECTNAME VALUES ('_admin.eform');
INSERT INTO SECOBJECTNAME VALUES ('_admin.encounter');
INSERT INTO SECOBJECTNAME VALUES ('_admin.misc');
INSERT INTO SECOBJECTNAME VALUES ('_masterLink');
INSERT INTO SECOBJECTNAME VALUES ('_rx');





DROP TABLE SURVEY CASCADE CONSTRAINTS;
CREATE TABLE SURVEY (
	SURVEYID NUMBER(10),
	CONSTRAINT SURVEY_PK PRIMARY KEY (SURVEYID),
	DESCRIPTION VARCHAR(255),
	SURVEYDATA CLOB,
	STATUS NUMBER(10),
	USERID NUMBER(10),
	DATECREATED DATE,
	DATELAUNCHED DATE,
	DATECLOSED DATE,
	LAUNCHED_INSTANCE_ID NUMBER(10),
	VERSION NUMBER(10) DEFAULT '0'
);






DROP TABLE SURVEYDATA CASCADE CONSTRAINTS;
CREATE TABLE SURVEYDATA (
	SURVEYDATAID NUMBER(10),
	CONSTRAINT SURVEYDATA_PK PRIMARY KEY (SURVEYDATAID),
	SURVEYID VARCHAR(10),
	DEMOGRAPHIC_NO NUMBER(10),
	PROVIDER_NO VARCHAR(10),
	STATUS CHAR(2),
	SURVEY_DATE DATE,
	ANSWER VARCHAR(10),
	PROCESSED NUMBER(10)
);

CREATE INDEX SURVEYDATA_INDEX_1 ON SURVEYDATA(SURVEYID);
CREATE INDEX SURVEYDATA_INDEX_2 ON SURVEYDATA(DEMOGRAPHIC_NO);
CREATE INDEX SURVEYDATA_INDEX_3 ON SURVEYDATA(PROVIDER_NO);
CREATE INDEX SURVEYDATA_INDEX_4 ON SURVEYDATA(STATUS);
CREATE INDEX SURVEYDATA_INDEX_5 ON SURVEYDATA(SURVEY_DATE);
CREATE INDEX SURVEYDATA_INDEX_6 ON SURVEYDATA(ANSWER);
CREATE INDEX SURVEYDATA_INDEX_7 ON SURVEYDATA(PROCESSED);






DROP TABLE SURVEY_TEST_DATA CASCADE CONSTRAINTS;
CREATE TABLE SURVEY_TEST_DATA (
	ID NUMBER(10),
	CONSTRAINT SURVEY_TEST_DATA_PK PRIMARY KEY (ID),
	INSTANCE_ID NUMBER(10),
	PAGE_NUMBER NUMBER(10),
	SECTION_ID NUMBER(10),
	QUESTION_ID NUMBER(10),
	VALUE CLOB,
	DATA_KEY VARCHAR(255),
	TYPE VARCHAR(255)
);

CREATE INDEX SURVEY_TEST_DATA_INDEX_1 ON SURVEY_TEST_DATA(INSTANCE_ID);






DROP TABLE SURVEY_TEST_INSTANCE CASCADE CONSTRAINTS;
CREATE TABLE SURVEY_TEST_INSTANCE (
	ID NUMBER(10),
	CONSTRAINT SURVEY_TEST_INSTANCE_PK PRIMARY KEY (ID),
	SURVEY_ID NUMBER(10),
	DATE_CREATED DATE,
	USER_ID NUMBER(10),
	CLIENT_ID NUMBER(10)
);





DROP TABLE MESSAGETBL CASCADE CONSTRAINTS;
CREATE TABLE MESSAGETBL (
	MESSAGEID NUMBER(10),
	CONSTRAINT MESSAGETBL_PK PRIMARY KEY (MESSAGEID),
	THEDATE DATE,
	THEIME DATE,
	THEMESSAGE CLOB,
	THESUBJECT VARCHAR(128),
	SENTBY VARCHAR(62),
	SENTTO VARCHAR(255),
	SENTBYNO VARCHAR(10),
	SENTBYLOCATION NUMBER(10),
	ATTACHMENT CLOB,
	PDFATTACHMENT BLOB,
	ACTIONSTATUS CHAR(2)
);





DROP TABLE GROUPMEMBERS_TBL CASCADE CONSTRAINTS;
CREATE TABLE GROUPMEMBERS_TBL (
	GROUPID NUMBER(10),
	PROVIDER_NO VARCHAR(10)
);






DROP TABLE GROUPS_TBL CASCADE CONSTRAINTS;
CREATE TABLE GROUPS_TBL (
	GROUPID NUMBER(10),
	CONSTRAINT GROUPS_TBL_PK PRIMARY KEY (GROUPID),
	PARENTID NUMBER(10),
	GROUPDESC VARCHAR(50)
);





DROP TABLE ENCOUNTERTEMPLATE CASCADE CONSTRAINTS;
CREATE TABLE ENCOUNTERTEMPLATE (
	ENCOUNTERTEMPLATE_NAME VARCHAR(50),
	CONSTRAINT ENCOUNTERTEMPLATE_PK PRIMARY KEY (ENCOUNTERTEMPLATE_NAME),
	CREATEDATETIME DATE,
	ENCOUNTERTEMPLATE_VALUE CLOB,
	CREATOR VARCHAR(10)
);

CREATE INDEX ENCOUNTERTEMPLATE_INDEX_1 ON ENCOUNTERTEMPLATE(CREATEDATETIME);

INSERT INTO ENCOUNTERTEMPLATE VALUES ('SOAP',SYSDATE,'Subject:\n\nObject: \n\nAssessment: \n\nPlan:\n','<table');
INSERT INTO ENCOUNTERTEMPLATE VALUES ('BILIARY COLIC',SYSDATE,'1. Inquiry re at least three of following?\r\npain, description\r\nAND\r\nlocation\r\nfood intolerance\r\nrecurrence\r\nfever\r\n2. Abdominal exam?\r\n3. Chest exam?\r\n4. Heart rate AND rhythm?\r\n5. Blood pressure?\r\n6. CBC?\r\n7. SGOT, serum bilirubin, alkaline phosphatase?\r\n8. Gall bladder X-ray OR ultrasound?\r\n9. Advice re low-fat diet?\r\n10. One follow-up within 1 month?\r\n11. IF recurrent (2nd or greater episode), referral?','Unknow');
INSERT INTO ENCOUNTERTEMPLATE VALUES ('PULMONARY EMPHYSEMA',SYSDATE,'1. Inquiry re chest symptoms each visit, at least two of the following?\r\ncough\r\nsputum\r\nwheezing\r\ndyspnea\r\n2. CPE at least once in 2 years?\r\n3. ECG on chart (3 minute)? \r\n4. Chest X-ray at least once in 2 years?\r\n5. IF smoker, advice re smoking?\r\n6. Follow-up at least once yearly?','Unknow');
INSERT INTO ENCOUNTERTEMPLATE VALUES ('OTITIS EXTERNA',SYSDATE,'1. Inquiry re symptoms?\r\n2. Ear exam?\r\n3. Evidence of \"normal drum\"?','Unknow');
INSERT INTO ENCOUNTERTEMPLATE VALUES ('URI',SYSDATE,'1. Complaint of at least one of the following?\r\nnasal discharge\r\nsore throat\r\nmalaise\r\ncold\r\n2. Duration of symptoms noted?\r\n3. IF cough in history, chest exam?\r\n4. IF patient\r\n5. IF sore throat in history, throat exam?\r\n6. IF narcotic antitussives prescribed, cough in history?\r\n7. IF antibiotics prescribed, was there history of secondary infection (coloured phlegm, or fever > 38 for 3 days or more)\r\nOR\r\nhigh risk (cardiac valvular disease or chronic pulmonary disease)?','Unknow');
INSERT INTO ENCOUNTERTEMPLATE VALUES ('HERPETIC ULCER (EYE)',SYSDATE,'1. Inquiry re pain in eye?\r\n2. Red eye noted?\r\n3. Dendrite shaped ulceration noted?\r\n4. Fluorescein staining positive?\r\n5. Referral to ophthalmologist?\r\n6. Steroids used locally?','Unknow');
INSERT INTO ENCOUNTERTEMPLATE VALUES ('INFLUENZA',SYSDATE,'1. Inquiry re three of the following?\r\nmyalgia\r\nfever\r\ncough\r\nphlegm type\r\nmalaise\r\n2. Inquiry re duration of symptoms?\r\n3. ENT exam?\r\n4. IF coughing, chest exam?\r\n5. IF antibiotics prescribed, was there history of secondary infection (coloured phlegm, or fever > 38 for 3 days or more)\r\nOR\r\nhigh risk (cardiac valvular disease or chronic pulmonary disease)?','Unknow');
INSERT INTO ENCOUNTERTEMPLATE VALUES ('PEPTIC ULCER',SYSDATE,'1. Inquiry re epigastric pain?\r\n2. Inquiry re past history of similar symptoms?\r\n3. Inquiry re relief from antacid or milk?\r\n4. Abdominal exam?\r\n5. UGI series\r\nOR\r\ngastroscopy done?\r\n6. UGI series\r\nOR\r\ngastroscopy demonstrates ulcer crater\r\nAND/OR scarring?\r\n7. IF GASTRIC ulcer demonstrated by UGI series\r\nOR\r\ngastroscopy, procedure repeated within 6 weeks?\r\n8. Instruction re diet?\r\n9. IF smoker, advice re smoking?\r\n10. Instruction re alcohol?\r\n11. Counselling re stress factors?\r\n12. Were any of the following drugs used?\r\noral steroids\r\nnonsteroidal anti-inflammatories\r\nASA\r\ncolchicine\r\n13. Follow-up at least every 6 weeks until asymptomatic\r\nOR\r\nhealing demonstrated by UGI series\r\nOR\r\ngastroscopy?','Unknow');
INSERT INTO ENCOUNTERTEMPLATE VALUES ('ALLERGIC REACTION',SYSDATE,'1. Inquiry re type OR description of reaction?\r\n2. Inquiry re site of reaction?\r\n3. Inquiry re severity of reaction?\r\n4. Inquiry re possible causes (eg. food, medications, bites, inhalation)?\r\n5. Examination of affected area(s)?\r\n6. IF \"severe\" reaction, heart rate AND rymthm?\r\n7. Blood pressure?\r\n8. Chest exam?\r\n9. Discussion re allergies OR on chart (3 minute)?\r\n10. IF patient has specific drug allergy, bracelet?\r\n11. IF patient has specific drug allergy, is this recorded in a\r\nconsistent area of the chart?','Unknow');
INSERT INTO ENCOUNTERTEMPLATE VALUES ('HEAD INJURY',SYSDATE,'These questions apply only to the INITIAL\r\nPRESENTATION of a head injury.\r\n1. Description of injury?\r\n2. Level of consciousness since injury noted?\r\n3. Cause of injury noted?\r\n4. Mechanism of injury noted?\r\n5. Head and neck exam?\r\n6. ENT exam?\r\n7. Cranial nerves?\r\n8. Neurological exam?\r\n9. Pulse and blood pressure?\r\n10. Level of consciousness and orientation at time of exam?\r\n11. IF depressed consciousness, skull X-ray\r\nOR CAT scan OR referral?\r\n12. IF neck pain\r\nOR tenderness, cervical spine X-ray?\r\n13. Narcotics prescribed (including codeine)?\r\n14. IF sent home, instructions to family or friend re\r\nobservation for change in level of consciousness (i.e.\r\nhead injury sheet)?\r\n15. IF penetrating wound\r\nOR\r\ndeteriorating (i.e. change in sensorium), immediate referral?\r\n16. IF recurrent, discussion re safety measures (eg. helmets)?\r\n17. IF recurrent in child -abuse considered?','Unknow');
INSERT INTO ENCOUNTERTEMPLATE VALUES ('ORCHITIS AND EPIDIDY',SYSDATE,'1. Inquiry re location of pain?\r\n2. Inquiry re swelling of testes?\r\n3. Examination of testicles?\r\n4. Comment re tenderness?\r\n5. WBC?\r\n6. Urinalysis?\r\n7. Urine C & S?\r\n8. Support to scrotum?\r\n9. IF epididymitis, antibiotics used?\r\n10. IF antibiotics used, amount AND duration noted?\r\n11. Follow-up within one week?','Unknow');
INSERT INTO ENCOUNTERTEMPLATE VALUES ('DIAPER RASH',SYSDATE,'1. Inquiry re duration?\r\n2. Description of rash?\r\n3. IF monilia, comment on mouth?\r\n4. IF monilia, topical antifungal used?\r\n5. Discussion re cleaning at diaper changing?\r\n6. IF \"severe\", follow-up within 1 month?\r\n7. Were fluorinated steroids used?\r\n8. IF thrush also present, oral mycostatin used?','Unknow');
INSERT INTO ENCOUNTERTEMPLATE VALUES ('PROSTATITIS CHRONIC',SYSDATE,'1. Inquiry re at least 3 of following?\r\ndysuria\r\nfrequency\r\nperineal pain\r\npainful sexual activity\r\nurethral discharge\r\nlow back pain\r\nnocturia\r\n2. Abdominal exam?\r\n3. Rectal exam?\r\n4. Description of prostate (size and consistency)?\r\n5. Urine C & S?\r\n6. Septra\r\nOR\r\ntetracycline\r\nOR\r\nampicillin\r\nOR\r\nerythromycin used?\r\n7. Antibiotic used for at least 2 weeks?\r\n8. One follow-up?\r\n9. IF symptoms continue beyond one month\r\nOR\r\npyuria for more than one month\r\nOR\r\nbacteriuria for more than one month, consultation and/or referral?','Unknow');
INSERT INTO ENCOUNTERTEMPLATE VALUES ('DYSMENORRHEA',SYSDATE,'1. Menstrual history?\r\n2. Inquiry re urinary symptoms?\r\n3. Inquiry re painful periods?\r\n4. IF sexually active, pelvic exam with comment on cervix?\r\n5. Abdominal exam?\r\n6. IF vaginal discharge present, C & S?\r\n7. Follow-up once within 4 months?','Unknow');
INSERT INTO ENCOUNTERTEMPLATE VALUES ('UTI',SYSDATE,'1. Inquiry re duration of symptoms?\r\n2. Inquiry re first or recurring episode?\r\n3. Inquiry re at least two of following?\r\nfrequency\r\ndysuria\r\nhematuria\r\nfever\r\n4. Abdominal exam?\r\n5. Presence/absence of flank OR CVA tenderness noted?\r\n6. IF more than 2 infections within one year in female, vaginal exam?\r\n7. Urinalysis AND micro?\r\n8. Urine C & S?\r\n9. IF 3rd or more occurrence (3 minute) in female, IVP?\r\n10. IF 2nd or more occurrence (3 minute) in males, IVP?\r\n11. IF child AND 2nd or more occurrence in chart, voiding cysto-urethrogram?\r\n12. IF antibiotic used, was it one of penicillins, erythromycins, sulfonamides, cephalosporins, Septra/Bactrim, or tetracyclines?\r\n13. IF tetracycline used, was patient\r\n14. IF child\r\nOR\r\ndiscussion re causes of UTI\'s?\r\n15. IF condition persists without definitive diagnosis for more than 3 months, referral?\r\n16. One follow-up within one month?','Unknow');
INSERT INTO ENCOUNTERTEMPLATE VALUES ('KNEE INJURIES',SYSDATE,'1. Description of how injury happened?\r\n2. Duration of discomfort?\r\n3. Presence/absence of locking or collapse?\r\n4. Presence/absence of swelling?\r\n5. Comment on function?\r\n6. Comment on stability of ligaments?\r\n7. IF effusion persists for more than 72 hours, joint aspiration OR referral?\r\n8. IF locking OR instability, referral?','Unknow');
INSERT INTO ENCOUNTERTEMPLATE VALUES ('DEAFNESS',SYSDATE,'1. Inquiry re duration of hearing loss?\r\n2. Inquiry re trauma OR infection OR industrial exposure, on chart (3 minute)?\r\n3. Comment on ear drums at least once per year?\r\n4. Audiogram OR referral to ENT on chart (3 minute)?','Unknow');
INSERT INTO ENCOUNTERTEMPLATE VALUES ('SYPHILIS',SYSDATE,'1. Inquiry re exposure?\r\n2. IF skin lesion present, inquiry re duration?\r\n3. IF primary syphilis, presence/absence of chancre noted?\r\n4. IF secondary syphilis, presence/absence of rash noted?\r\n5. Presence/absence of lymphadenopathy noted?\r\n6. VDRL OR STS?\r\n7. IF VDRL OR STS negative, repeated within 2 months?\r\n8. Swab for C & S for gonorrhea?\r\n9. IF antibiotic used, was it one of the penicillins, erythromycins, tetracyclines or spectinomycin?\r\n10. Notification of public health authorities?\r\n11. One follow-up within 2 months?','Unknow');
INSERT INTO ENCOUNTERTEMPLATE VALUES ('INGUINAL HERNIA',SYSDATE,'1. Inquiry re presence/absence of vomiting?\r\n2. Inquiry re at least two of following?\r\ninguinal bulge\r\nduration\r\npain\r\n3. Description of inguinal mass including side?\r\n4. Reducible or not noted?\r\n5. IF not reducible AND painful, referral to surgeon within 24 hours?','Unknow');
INSERT INTO ENCOUNTERTEMPLATE VALUES ('DEPRESSION',SYSDATE,'1. Inquiry re medications/drugs taken?\r\n2. Inquiry re duration of problem?\r\n3. Inquiry re suicidal thoughts OR statement that depression is mild or minor?\r\n4. IF physical complaints noted, evidence of examination of affected area?\r\n5. CPE within 2 years?\r\n6. Comment on mood OR appearance OR affect?\r\n7. IF antidepressant given, follow-up within 2 weeks?\r\n8. IF first prescription for antidepressant, was duration noted AND was duration\r\n9. IF no antidepressants given, follow-up within 1 month?\r\n10. IF \"suicidal\", referral OR hospitalization?\r\n11. Discussion re stress factors?\r\n12. Were barbiturates prescribed?','Unknow');
INSERT INTO ENCOUNTERTEMPLATE VALUES ('LARYNGITIS OR TRACHE',SYSDATE,'1. Duration of symptoms?\r\n2. Presence/absence of cough noted?\r\n3. Throat exam?\r\n4. Chest exam?','Unknow');
INSERT INTO ENCOUNTERTEMPLATE VALUES ('GONORRHEA',SYSDATE,'1. Inquiry re time since exposure?\r\n2. Inquiry re sexual contacts?\r\n3. Inquiry re symptoms (discharge, dysuria)?\r\n4. Inquiry re sexual preferences and habits?\r\n5. Genital exam?\r\n6. IF oral sex noted, throat exam?\r\n7. IF anal sex noted, rectal exam?\r\n8. C & S, genital?\r\n9. IF indicated by history, C & S oral AND/OR rectal?\r\n10. Positive culture AND/OR gramstain?\r\n11. Antibiotics according to recommendations of Dept of Health (see list)?\r\n12. One follow-up with repeat cultures within 1 month?\r\n13. Counselling re prevention?\r\n14. Presence/absence of penicillin allergy noted on chart (3 minute)?\r\n15. Refer to Public Health Dept. OR insure follow-up of sexual contacts?\r\n16. VDRL in 6 weeks and 3 months?','Unknow');
INSERT INTO ENCOUNTERTEMPLATE VALUES ('CORONARY ARTERY DISE',SYSDATE,'1. Comment on one of the following with each visit?\r\nangina\r\nshortness of breath\r\nankle edema\r\n2. Yearly comment on pain OR nitroglycerines taken?\r\n3. Yearly comment on exercise tolerance?\r\n4. Blood pressure of each visit for this diagnosis (at least 75%)?\r\n5. One CPE by family physician in 2 years?\r\n6. ECG on chart within 2 years?\r\n7. Drug list every 12 months?\r\n8. Dosage of prescribed drugs every 12 months (at least 75%)?\r\n9. IF obesity noted, advice re weight loss?\r\n10. Follow-up at least twice per year?\r\n11. IF congestive heart failure AND use of non-steroidal anti-inflammatory agents OR beta-blockers OR calcium channel blockers, was there a justification statement?','Unknow');
INSERT INTO ENCOUNTERTEMPLATE VALUES ('OSTEOPOROSIS',SYSDATE,'\r\n1. Inquiry re presence/absence of pain?\r\n2. Inquiry re dietary history?\r\n3. Inquiry re menopause date?\r\n4. IF pain present, examination of area?\r\n5. Comment re kyphosis?\r\n6. X-ray OR bone density OR cortical thickness?\r\n7. Confirmation of osteoporosis by any of tests in question 6?\r\n8. Increased calcium intake (supplements or dietary)?','Unknow');
INSERT INTO ENCOUNTERTEMPLATE VALUES ('ALCOHOLISM',SYSDATE,'1. Alcohol intake, amount per day (when drinking)?\r\n2. Duration of problem?\r\n3. Inquiry re time missed from work?\r\n4. Blood pressure yearly?\r\n5. Chest exam yearly?\r\n6. Yearly comment re condition of skin?\r\n7. Abdominal exam yearly?\r\n8. CPE OR CNS examination within past two years?\r\n9. CBC yearly?\r\n10. Three of following done AT LEAST ONCE; serum protein(AG AND total), SGOT, SGPT, alkaline phosphatase,\r\nprothrombin time, bilirubin?\r\n11. Time since last drink before this office visit noted?\r\n12. Initiate education of patient (AA, Alanon, OR note that counselling was done)?\r\n13. Counselling OR referral to alcohol treatment agency for family member(s)?\r\n14. IF first diagnosis within past 2 years, follow-up within one month?','Unknow');
INSERT INTO ENCOUNTERTEMPLATE VALUES ('LACERATIONS',SYSDATE,'1. Inquiry re how laceration occurred?\r\n2. Time between injury and visit?\r\n3. Description of wound?\r\n4. IF hand or wrist, comment on function?\r\n5. IF tendons severed, referral?\r\n6. Debridement (washing)?\r\n7. IF sutured, one follow-up?\r\n8. IF no tetanus toxoid within 10 years, injection given?','Unknow');
INSERT INTO ENCOUNTERTEMPLATE VALUES ('STREP THROAT',SYSDATE,'1. Inquiry re sore throat?\r\n2. Inquiry re presence/absence of fever?\r\n3. Inquiry re cough?\r\n4. Throat exam?\r\n5. Presence/absence of cervical lymphadenopathy noted?\r\n6. Presence/absence of pharyngeal exudate noted?\r\n7. IF fever OR lymphadenopathy OR exudate OR enlarged tonsils, throat swab C & S?\r\n8. Antibiotic used AND was it one of the penicillins, erythromycins, or cephalosporins?\r\n9. IF antibiotic used AND patient antibiotic used for at least 7 days?\r\n10. One follow-up within two weeks?\r\n11. IF positive strep culture, antibiotics used?','Unknow');
INSERT INTO ENCOUNTERTEMPLATE VALUES ('OTITIS MEDIA -SEROUS',SYSDATE,'1. Inquiry re at least two of following; hearing, pain, recurrent URI?\r\n2. Comment re fluid in middle ear OR retracted ear drum?\r\n3. Comment re nose AND throat?\r\n4. IF third episode or more, audiometry OR referral?\r\n5. IF physical findings OR hearing test are abnormal, follow-up until resolved OR referral?','Unknow');
INSERT INTO ENCOUNTERTEMPLATE VALUES ('HEMORRHOIDS',SYSDATE,'1. Inquiry re pain?\r\n2. Inquiry re bleeding?\r\n3. Rectal exam?\r\n4. IF rectal bleeding, sigmoidoscopic exam on chart (3 minute)?\r\n5. IF patient >40 and no definitive diagnosis for rectal bleeding found on sigmoidoscopic, barium enema?\r\n6. Description of site and location of hemorrhoids?\r\n7. One or more of the following used? dietary (high fibre, avoid constipation) suppositories sitz baths surgical ligation and banding I & D if acute thrombosed hemorrhoids\r\n8. IF symptoms unchanged for more than 3 months, referral?\r\n9. Discussion re high fibre diet and stool softeners?\r\n10. One follow-up within one month?','Unknow');
INSERT INTO ENCOUNTERTEMPLATE VALUES ('INFECTIOUS NOMONUCLE',SYSDATE,'1. Inquiry re at least two of following?\r\nsore throat\r\nfever\r\nmalaise\r\nlymphadenopathy\r\nabdominal pain\r\n2. Presence/absence of fever noted?\r\n3. Throat exam?\r\n4. Presence/absence of lymphadenopathy noted?\r\n5. Presence/absence of hepatosplenomegaly noted?\r\n6. WBC AND diff.?\r\n7. Mono screen?\r\n8. Positive mono test OR abnormal WBC\'s?\r\n9. Advice re reduced activity?\r\n10. Ampicillin used?\r\n11. IF splenomegaly present, follow-up within 2 weeks?\r\n12. IF splenomegaly not present, follow-up within 4 weeks?\r\n13. IF splenomegaly present, advice re avoidance of contact sports or activities?','Unknow');
INSERT INTO ENCOUNTERTEMPLATE VALUES ('HYPERTHYROIDISM, NEW',SYSDATE,'1. Inquiry re one or more of following?\r\nweight loss palpitations\r\ntremulousness restlessness\r\nmuscular weakness\r\nfatigue\r\n2. Thyroid exam?\r\n3. Pulse?\r\n4. Examination of eyes?\r\n5. T4 OR T3 OR resin uptake OR other thyroid tests?\r\n6. T4 AND T3 AND uptake elevated?\r\n7. Follow-up every 6 months?\r\n8. Euthyroid within 6 months OR referral?','Unknow');
INSERT INTO ENCOUNTERTEMPLATE VALUES ('TRANSIENT CEREBRAL I',SYSDATE,'1. Inquiry re frequency?\r\n2. Inquiry re duration of each episode?\r\n3. Description of symptoms?\r\n4. Neurological exam with description of deficit?\r\n5. Blood pressure?\r\n6. Cardiovascular examination?\r\n7. Presence/absence of bruits in neck?\r\n8. ECG?\r\n9. IF male > 55 years, ASA prescribed as initial medication OR justification noted?\r\n10. IF ASA used, duration AND dosage recorded?\r\n11. IF two or more episodes, referral OR admission to hospital?\r\n12. IF smoker, advice re smoking?\r\n13. One follow-up within one month?\r\n14. Cause (eg. embolus, thrombosis) noted within one month OR referral?','Unknow');
INSERT INTO ENCOUNTERTEMPLATE VALUES ('IMPETIGO or PYODERMA',SYSDATE,'1. Site noted?\r\n2. IF oral antibiotic used, was it one of penicillins, erythromycins, sulfonamides, tetracyclines, or cephalosporins?\r\n3. IF tetracycline used, was patient','Unknow');
INSERT INTO ENCOUNTERTEMPLATE VALUES ('BASAL AND SQUAMOUS C',SYSDATE,'1. Inquiry re duration of lesion?\r\n2. Location of lesion noted?\r\n3. Size of lesion noted?\r\n4. Surgical pathology biopsy OR referral?\r\n5. IF not referred, pathology report positive?\r\n6. Excision OR dessication OR cryosurgery OR referral?\r\n7. IF not referred, follow-up within 1 month?','Unknow');
INSERT INTO ENCOUNTERTEMPLATE VALUES ('CONJUNCTIVITIS',SYSDATE,'1. Inquiry re itching OR discharge?\r\n2. Inquiry re duration?\r\n3. Description of conjunctiva?\r\n4. IF ophthalmic steroids used, was cornea stained with fluorescein?','Unknow');
INSERT INTO ENCOUNTERTEMPLATE VALUES ('TRIGEMINAL NEURALGIA',SYSDATE,'1. Inquiry re severity of pain?\r\n2. Inquiry re duration of pain?\r\n3. Inquiry re facial pain?\r\n4. Inquiry re initiating stimuli?\r\n5. Neurological exam?\r\n6. IF Tegretol given, liver function tests within 6 weeks?\r\n7. Discussion re natural history of disease OR reassurance?\r\n8. One follow-up within 3 months?','Unknow');
INSERT INTO ENCOUNTERTEMPLATE VALUES ('GLOMERULONEPHRITIS',SYSDATE,'1. Inquiry re urination on each visit?\r\n2. Blood pressure?\r\n3. Weight?\r\n4. Urinalysis, routine AND micro yearly?\r\n5. Creatinine yearly?\r\n6. BUN yearly?\r\n7. Creatinine clearance yearly?\r\n8. Serum proteins yearly?\r\n9. Hemoglobin yearly?\r\n10. One of following?\r\nproteinemia reports on chart\r\ngranular casts\r\nrenal biopsy report on chart\r\n11. Follow-up at least yearly?','Unknow');
INSERT INTO ENCOUNTERTEMPLATE VALUES ('SPONTANEOUS ABORTION',SYSDATE,'1. Date of LMP noted?\r\n2. Duration of LMP noted?\r\n3. Uterine cramps noted?\r\n4. Amount AND duration of vaginal bleeding?\r\n5. Passage of tissue?\r\n6. Pelvic exam with comment re cervix open or closed?\r\n7. Blood pressure?\r\n8. Pulse?\r\n9. Presence/absence of fever?\r\n10. Pregnancy test?\r\n11. Hemoglobin?\r\n12. Hematocrit?\r\n13. Rh factors?\r\n14. IF tissue available, specimen sent to lab?\r\n15. IF indicated by Rh factors, RHOGAM/Rh immune globulin?\r\n16. One follow-up within one month?','Unknow');
INSERT INTO ENCOUNTERTEMPLATE VALUES ('CERVIX, CARCINOMA IN',SYSDATE,'1. Inquiry re vaginal discharge, within one month?\r\n2. Inquiry re presence/absence of vaginal spotting, within one month?\r\n3. Description of cervix, within one month?\r\n4. Positive Pap smear?\r\n5. IF class IV smear or worse, referral within one month?','Unknow');
INSERT INTO ENCOUNTERTEMPLATE VALUES ('ECTOPIC PREGNANCY',SYSDATE,'1. Inquiry re presence/absence of lower abdominal pain?\r\n2. Inquiry re date of last menstrual period?\r\n3. Inquiry re presence/absence of vaginal bleeding?\r\n4. Pelvic exam?\r\n5. Blood pressure AND pulse?\r\n6. IF purulent vaginal discharge, C & S?\r\n7. Abdominal exam?\r\n8. Pregnancy test?\r\n9. IF pregnancy test negative, Beta-HCG?\r\n10. IF not referred or admitted, pelvic ultrasound?\r\n11. Positive pregnancy test OR positive Beta-HCG?\r\n12. Referral OR admission?','Unknow');
INSERT INTO ENCOUNTERTEMPLATE VALUES ('DIZZINESS, NYD',SYSDATE,'1. Inquiry re details of episode?\r\n2. Inquiry re duration of episode?\r\n3. Inquiry re presence/absence of precipitating factors?\r\n4. Inquiry re presence/absence of medications?\r\n5. Blood pressure?\r\n6. Heart rate AND rhythm?\r\n7. Ear exam?\r\n8. Comment on Rhomberg OR reflexes OR nystagmus?\r\n9. IF on diuretics, electrolytes tested?\r\n10. IF problem persists, on second visit blood sugar AND CBC?\r\n11. IF heart irregular, ECG OR Holter monitor?\r\n12. IF condition persists for more than 3 months AND specific diagnosis is made, referral?','Unknow');
INSERT INTO ENCOUNTERTEMPLATE VALUES ('UMBILICAL HERNIA',SYSDATE,'*** Patient under 1 year old\r\n1. Well baby care visits?\r\n2. IF surgery done, was justification noted (eg. thin skin, too large, pain, ulceration)?','Unknow');
INSERT INTO ENCOUNTERTEMPLATE VALUES ('DIABETES MELLITUS, T',SYSDATE,'1. Inquiry re family history of diabetes on chart (3 minute)?\r\n2. Duration of disease OR starting date on chart (3 minute)?\r\n3. Inquiry re one of following on each visit? \r\nurine sugars blood sugars dietary management patient feels well or ill\r\n4. Weight recorded (at least 75% of visits)?\r\n5. Urine glucose each visit?\r\n6. Comment re cardiovascular system AND blood pressure yearly?\r\n7. Examination of fundi yearly?\r\n8. IF on oral hypoglycemics, at least one blood sugar recorded yearly?\r\n9. IF on insulin, at least two blood sugars recorded yearly?\r\n10. BUN OR creatinine on chart (3 minute)?\r\n11. IF diabetes first diagnosed within past 2 years, evidence of 2 fasting blood sugars > 8.8 mmol/L OR random sugar > 13.8 mmol/L prior to treatment?\r\n12. Diabetic diet - caloric intake noted on chart (3 minute)?\r\n13. Evidence of dietary counselling by a health professional on chart (3 minute)?\r\n14. IF newly diagnosed, follow-up within one month?\r\n15. IF on diet alone, follow-up at least once yearly?\r\n16. IF on oral hypoglycemic OR insulin, follow-up at least twice yearly?\r\n17. Inquiry re sexual dysfunction on chart (3 minute)?\r\n18. IF acetohexamide or chlorpropramide used (Glyburide and Diabeta are OK), was BUN > 9 mmol/L OR was creatinine > 140 mmol/L?\r\n19. IF no ketones in serum or urine, was dietary therapy tried prior to starting oral hypoglycemic?','Unknow');
INSERT INTO ENCOUNTERTEMPLATE VALUES ('HAY FEVER',SYSDATE,'1. Inquiry re seasonal complaint?\r\n2. Inquiry re precipitating factors (e.g. ragweed, grass etc.)?\r\n3. One of following present; sneezing, rhinorrhea, nasal congestion?\r\n4. Examination of nose?\r\n5. Seasonal occurrence of nasal congestion?\r\n6. Discussion re air conditioning OR air filters?\r\n7. Discussion re avoidance of plants and pollen specific to patient?','Unknow');
INSERT INTO ENCOUNTERTEMPLATE VALUES ('FIBROMYOSITIS',SYSDATE,'1. Inquiry re pain, description AND location?\r\n2. Inquiry re aggrravating AND/OR relieving factors?\r\n3. Inquiry re duration?\r\n4. Inquiry re sleep patterns?\r\n5. Inquiry re symptoms of fatigue AND/OR possible depression?\r\n6. Description of areas of pain?\r\n7. IF trigger point(s) noted, location(s)\r\n8. Hemoglobin AND sed rate within 6 months?\r\n9. Oral steroids used?\r\n10. Discussion re stress factors OR on chart (3 minute)?','Unknow');
INSERT INTO ENCOUNTERTEMPLATE VALUES ('DIVERTICULITIS',SYSDATE,'1. Inquiry re abdominal pain?\r\n2. Inquiry re at least one of following?\r\nconstipation\r\ndiarrhea\r\nrectal bleeding\r\nregularity\r\n3. Inquiry re food intolerances?\r\n4. Abdominal exam?\r\n5. Rectal exam?\r\n6. Stool for occult blood OR within 1 year?\r\n7. Barium enema on chart (3 minute)?','Unknow');
INSERT INTO ENCOUNTERTEMPLATE VALUES ('SYNCOPE, NYD',SYSDATE,'1. Inquiry re three of the following?\r\nrecurrent or initial episode predisposing factors (stress, pain, hyperventilation) description of event medications taken any associated injuries\r\n2. Inquiry re duration of unconsciousness? \r\n3. Neurological comments (eg. reflexes, pupils, movements)?\r\n4. Blood pressure?\r\n5. Presence/absence of hyperventilation noted?\r\n6. IF > 55 years, ECG?\r\n7. IF 2nd or more episode, blood sugar?\r\n8. IF 2nd or more episode, CBC?\r\n9. IF 2nd or more episode, EEG?\r\n10. IF 2nd or more episode, follow-up within 1 month OR referral?','Unknow');
INSERT INTO ENCOUNTERTEMPLATE VALUES ('IMPOTENCE',SYSDATE,'1. Inquiry re impotence, constant or intermittant?\r\n2. Inquiry re alcohol use?\r\n3. Inquiry re D.M., or systemic disease?\r\n4. Inquiry re emotional problems?\r\n5. Inquiry re nocturnal erections?\r\n6. Inquiry re medications?\r\n7. Genital exam?\r\n8. Blood pressure?\r\n9. Abdominal exam?\r\n10. Neurological exam?\r\n11. Exam of pulses?\r\n12. Urinalysis?\r\n13. Fasting blood sugar?\r\n14. One follow-up?\r\n15. IF problem persists for > 3 months, referral?\r\n16. Sexual counselling with partner?','Unknow');
INSERT INTO ENCOUNTERTEMPLATE VALUES ('ANXIETY',SYSDATE,'1. Statement re symptoms?\r\n2. Inquiry re duration of symptoms?\r\n3. Inquiry re precipitating factors?\r\n4. IF physical complaints noted, evidence of examination of affected area?\r\n5. IF anxiolytic agents used, amount and duration recorded?\r\n6. IF first prescription for medication, follow-up within 2 weeks?\r\n7. Counselling OR referral?','Unknow');
INSERT INTO ENCOUNTERTEMPLATE VALUES ('HEMATURIA',SYSDATE,'1. Inquiry re first or recurrent episode?\r\n2. Inquiry re frequency of hematuria?\r\n3. Presence/absence of flank pain noted?\r\n4. Presence/absence of dysuria OR frequency noted?\r\n5. Microscopic or gross hematuria noted?\r\n6. Presence/absence of colicky pain noted?\r\n7. Abdominal exam?\r\n8. Flank percussion, findings noted?\r\n9. IF male, rectal AND genital exam?\r\n10. IF female AND 2nd or more episode within 1 year, pelvic exam?\r\n11. Urinalysis AND micro?\r\n12. Urine C & S?\r\n13. BUN AND/OR Creatinine?\r\n14. IF 2nd episode within 2 years, IVP OR referral?\r\n15. IF > 60 years AND source not identified, referral?','Unknow');
INSERT INTO ENCOUNTERTEMPLATE VALUES ('MENORRHAGIA',SYSDATE,'1. Inquiry re bleeding pattern, duration AND amount?\r\n2. IF\r\n3. Pelvic exam on initial visit OR when bleeding stops?\r\n4. Hb?\r\n5. Pap smear on initial visit OR when bleeding stops?\r\n6. Cause established OR referral within 3 months of initial visit for problem?','Unknow');
INSERT INTO ENCOUNTERTEMPLATE VALUES ('PROSTATE CANCER',SYSDATE,'1. Inquiry re urinary symptoms?\r\n2. Rectal exam at least yearly?\r\n3. Serum acid phosphatase yearly?\r\n4. IF new or changed urinary symptoms, C & S AND urinalysis?\r\n5. Pathology report positive?\r\n6. Follow-up every 6 months?','Unknow');
INSERT INTO ENCOUNTERTEMPLATE VALUES ('VAGINITIS, VULVITIS',SYSDATE,'1. Inquiry re at least one of following; vaginal itch (pruritis) vulvar irritation, vaginal odour?\r\n2. Presence/absence of vaginal discharge?\r\n3. Vaginal exam?\r\n4. Vaginal AND/OR cervical C & S OR office examination of discharge in saline or KOH?\r\n5. IF Monilia (Candida) AND topical agent used, was it mystatin OR miconazole OR cotrimoxazole?\r\n6. IF Trichomonas AND systemic or topical agent used, was it metronidazole?\r\n7. IF Gardnerella AND systemic or topical agent used, was it metronidazole OR sulfonamide OR tetracycline?\r\n8. IF Trichomonas, discussion re simultaneous treatment of sexual partner?','Unknow');
INSERT INTO ENCOUNTERTEMPLATE VALUES ('INFERTILITY, FEMALE',SYSDATE,'1. Parity noted?\r\n2. Infertility for more than 2 years?\r\n3. Inquiry re medication history?\r\n4. Inquiry re menstrual history?\r\n5. Pelvic exam?\r\n6. Examination of breasts?\r\n7. CPE within 2 years after initial diagnosis?\r\n8. Pap smear AND/OR referral?\r\n9. Semen analysis (sexual partner/husband) \r\nOR referral?\r\n10. BS within 6 months after initial diagnosis OR referral?\r\n11. T3 AND/OR T4 within 6 months after initial diagnosis OR referral?\r\n12. Plan of action noted OR referral?','Unknow');
INSERT INTO ENCOUNTERTEMPLATE VALUES ('LARYNGITIS',SYSDATE,'1. Inquiry re duration?\r\n2. Inquiry re smoking (or on chart) (3 minute)?\r\n3. Inquiry re specific cause (eg. shouting, occupation)?\r\n4. Exam of pharynx?\r\n5. IF persistant for more than 6 weeks, laryngoscopic exam OR referral?\r\n6. IF smoker, advice re smoking?','Unknow');
INSERT INTO ENCOUNTERTEMPLATE VALUES ('DDD, CERVICAL',SYSDATE,'1. Inquiry re neck pain?\r\n2. Inquiry re presence/absence of trauma?\r\n3. Inquiry re one of following?\r\npain referred to shoulder and arm muscle weakness of forearm paresthesia\r\n4. Comment on reflexes in arms?\r\n5. Comment on presence/absence of weakness in upper extremity muscles?\r\n6. Comment re range of movement of neck OR within 1 year?\r\n7. Cervical spine X-ray on chart (3 minute)?\r\n8. Positive X-ray diagnosis?\r\n9. IF first visit for this episode, follow-up within 6 weeks?\r\n10. Cervical collar used continuously for more than 1 month?','Unknow');
INSERT INTO ENCOUNTERTEMPLATE VALUES ('FRACTURES',SYSDATE,'1. Description of accident?\r\n2. Time since accident noted?\r\n3. Place of accident (eg. work related)?\r\n4. Description of fracture including presence/absence of deformity?\r\n5. Presence/absence of swelling?\r\n6. Comment re involvement of neurovascular structures?\r\n7. X-ray of fracture site?\r\n8. IF displaced, evidence of reduction OR referral?\r\n9. Immobilization?\r\n10. IF cast applied to extremity, follow-up within 48 hours?\r\n11. One follow-up?','Unknow');
INSERT INTO ENCOUNTERTEMPLATE VALUES ('ARTHRITIS',SYSDATE,'(less than one month - multiple joints)\r\n1. Inquiry re duration of symptoms?\r\n2. Location of joint pains noted?\r\n3. Description of nature OR severity of pain?\r\n4. Inquiry re aggravating OR precipitating factors?\r\n5. Description of inflammation OR swelling?\r\n6. Description of range of movement?\r\n7. On OR before second visit for same problem, CBC?\r\n8. On OR before second visit for same problem, ESR?\r\n9. On OR before second visit for same problem, anti-nuclear factor (i.e. ANF, ANA)?\r\n10. On OR before second visit for same problem, rheumatoid arthritis factor (i.e. RF, RA)?\r\n11. Were systemic steroids prescribed?\r\n12. Advice re rest OR restrict movement of joint?\r\n13. Follow-up within 2 weeks?\r\n14. IF within 1 year of visit for peptic ulcer disease, were anti-inflammatory agents prescribed?','Unknow');
INSERT INTO ENCOUNTERTEMPLATE VALUES ('STASIS DERMATITIS',SYSDATE,'1. Comment on location?\r\n2. Inquiry re duration?\r\n3. Presence/absence of varicose veins noted?\r\n4. Description of lesions?\r\n5. One follow-up within one month?','Unknow');
INSERT INTO ENCOUNTERTEMPLATE VALUES ('LICE AND SCABIES',SYSDATE,'1. Inquiry re itching or pruritis?\r\n2. Location noted?\r\n3. IF scabies, description of skin lesion(s)?\r\n4. Gamma Benzene Hexachloride Lotion OR Shampoo?\r\n5. IF used?\r\n6. Instructions re washing clothing and bed linen?\r\n7. IF scabies, entire family treated?','Unknow');
INSERT INTO ENCOUNTERTEMPLATE VALUES ('BLEPHARITIS',SYSDATE,'1. Inquiry re symptoms?\r\n2. Duration of symptoms noted?\r\n3. Fluorinated steroids used?\r\n4. Advice re eye care?','Unknow');
INSERT INTO ENCOUNTERTEMPLATE VALUES ('URETHRITIS, NYD',SYSDATE,'1. Inquiry re urinary symptoms?\r\n2. Inquiry re sexual contacts OR injury?\r\n3. Comment re presence/absence of urethral discharge?\r\n4. Genital exam?\r\n5. Urinalysis AND micro?\r\n6. Urine C & S?\r\n7. IF discharge present, urethral swab C & S?\r\n8. VDRL OR STS?\r\n9. IF antibiotic used, was it one of the penicillins, erythromycins, sulfonamides, Septra/Bactrim, cephalosporins, or tetracyclines?\r\n10. One follow-up within 2 weeks?\r\n11. IF urine C & S OR urethral swab C & S still positive after antibiotic treatment, antibiotic changed?\r\n12. IF urine C & S OR urethral swab C & S positive, discussion re notification of sexual partner(s)?\r\n13. IF urethral swab C & S positive for gonorrhea or chlamydia, notification of public health authorities?','Unknow');
INSERT INTO ENCOUNTERTEMPLATE VALUES ('TONSILLITIS, ACUTE',SYSDATE,'1. Inquiry re sore throat?\r\n2. Description of tonsils?\r\n3. IF erythromycin, cephalosporin or sulfa used?\r\n4. IF > 4 years and cephalosporin, or sulfa used?\r\n5. IF >= 13 years, was penicillin, erythromycin,\r\ncephalosporin, sulfa, or tetracycline used?\r\n6. IF tetracycline used, was patient','Unknow');
INSERT INTO ENCOUNTERTEMPLATE VALUES ('CYSTITIS, RECURRENT',SYSDATE,'1. Comment re any urinary symptoms?\r\n2. Urinalysis or dipstick?\r\n3. Urine for C & S?\r\n4. BUN on chart (3 minute)?\r\n5. IF 3 or more episodes within 3 months, urine culture for TB (acid-fast bacilli)?\r\n6. At least one urinary symptom present OR positive culture?\r\n7. IF culture done, do antibiotics reflect culture \r\nsensitivities?\r\n8. IF child with 2 or more UTI, IVP AND voiding cystogram, OR referral?\r\n9. IF adult female with 3 or more culture proven UTI within\r\n2 years, IVP AND (BUN or Creatinine) OR referral?\r\n10. IF abnormal IVP OR (BUN or Creatinine), referral?','Unknow');
INSERT INTO ENCOUNTERTEMPLATE VALUES ('BRONCHOPNEUMONIA',SYSDATE,'1. One of more of following?\r\ncough\r\ndyspnea (shortness of breath)\r\nfever\r\n2. Duration of symptoms noted?\r\n3. Chest exam?\r\n4. Rales in chest?\r\n5. Chest X-ray within one day of diagnosis?\r\n6. IF patient has not improved within 7 days, chest X-ray?\r\n7. IF initial X-ray is positive, repeat within 30 days?\r\n8. Positive X-ray OR rales on examination?\r\n9. IF antibiotics used, dose AND duration recorded, (2/3 of visits)?\r\n10. IF X-ray indicates mycopolasma pneumonia, tetracycline or erythromycin used?\r\n11. Follow-up within one week?','Unknow');
INSERT INTO ENCOUNTERTEMPLATE VALUES ('HEMATOMA,',SYSDATE,'1. Inquiry re history of trauma, type noted?\r\n2. Inquiry re spontaneous or traumatic?\r\n3. IF spontaneous, inquiry re previous episodes?\r\n4. IF spontaneous, inquiry re family history of bleeding?\r\n5. Description of size?\r\n6. Description of location?\r\n7. IF spontaneous, CBC, platelets, PT, PTT done?\r\n8. IF seen within 48 hours of onset, ice recommended?\r\n9. IF spontaneous OR recurrent, one follow-up?\r\n10. IF child (other recent or old trauma)?\r\n11. IF AND history of repeated trauma (3 or more within 2 years) skeletal survey?','Unknow');
INSERT INTO ENCOUNTERTEMPLATE VALUES ('KIDNEY OBSTRUCTION',SYSDATE,'1. Inquiry re pain? \r\n2. Abdominal exam? \r\n3. Blood pressure? \r\n4. BUN OR creatinine? \r\n5. Urinalysis AND C & S? \r\n6. IVP shows blockage? \r\n7. Referral within 1 week?','Unknow');
INSERT INTO ENCOUNTERTEMPLATE VALUES ('ARRHYTHMIA (CARDIAC)',SYSDATE,'1. Inquiry re frequency of chest discomfort or pain? \r\n2. Inquiry re duration of chest discomfort or pain? \r\n3. Inquiry re frequency of palpitations? \r\n4. Inquiry re duration of palpitations? \r\n5. Inquiry re precipitating factors (coffee, tea, alcohol)? \r\n6. Inquiry re medications taken prior to occurrence? \r\n7. Blood pressure? \r\n8. Cardiac rate AND rhythm? \r\n9. Chest exam? \r\n10. ECG on first visit for this problem? \r\n11. IF on digoxin OR diuretics, electrolytes? \r\n12. IF on digoxin AND new arrhythmia present, digoxin level? \r\n13. ECG OR description of irregularity on chart? \r\n14. IF arrhythmia present at time of examination, treatment with medication OR reassurance OR referral? \r\n15. Advice re precipitating factors (eg. coffee, tea, alcohol, stress factors)? \r\n16. IF paroxysmal atrial tachycardia, inquiry re stress factors? \r\n17. Follow-up until specific diagnosis made OR referral? ','Unknow');
INSERT INTO ENCOUNTERTEMPLATE VALUES ('NASOPHARYNGITIS OR U',SYSDATE,'1. Complaint of at least one of the following? \r\nnasal discharge\r\nsore throat\r\nmalaise \r\ncold \r\n2. Duration of symptoms noted? \r\n3. IF cough in history, chest exam?\r\n4. IF patient \r\n5. IF sore throat in history, throat exam?\r\n6. IF narcotic antitussives prescribed, cough in history? \r\n7. IF antibiotics prescribed, was there history of secondary infection (coloured phlegm, or fever > 38 for 3 days or more)OR\r\nhigh risk (cardiac valvular disease or chronic pulmonary disease)? ','Unknow');
INSERT INTO ENCOUNTERTEMPLATE VALUES ('MIGRAINE EQUIVALENTS',SYSDATE,'1. Inquiry re presence/absence of aura? \r\n2. IF aura present, inquiry re type of aura? \r\n3. Inquiry re location of pain? \r\n4. Inquiry re change in headaches?\r\n5. Neurological exam within last year? \r\n6. Blood pressure within last year? \r\n7. IF medication prescribed, dosage noted? \r\n8. IF medication prescribed, duration noted?','Unknow');
INSERT INTO ENCOUNTERTEMPLATE VALUES ('CHRONIC PROSTATITIS',SYSDATE,'1. Inquiry re at least 3 of following? \r\ndysuria\r\nfrequency\r\nperineal pain\r\npainful sexual activity\r\nurethral discharge \r\nlow back pain\r\nnocturia \r\n2. Abdominal exam? \r\n3. Rectal exam?\r\n4. Description of prostate (size and consistency)? \r\n5. Urine C & S? \r\n6. Septra OR tetracycline OR ampicillin OR\r\nerythromycin used? \r\n7. Antibiotic used for at least 2 weeks?\r\n8. One follow-up? \r\n9. IF symptoms continue beyond one month OR\r\npyuria for more than one month OR  bacteriuria for more than one month, consultation and/or referral? ','Unknow');
INSERT INTO ENCOUNTERTEMPLATE VALUES ('URINARY TRACT INFECT',SYSDATE,'1. Inquiry re duration of symptoms? \r\n2. Inquiry re first or recurring episode? \r\n3. Inquiry re at least two of following?\r\nfrequency \r\ndysuria \r\nhematuria\r\nfever \r\n4. Abdominal exam?\r\n5. Presence/absence of flank OR CVA tenderness noted? \r\n6. IF more than 2 infections within one year in female, vaginal exam? \r\n7. Urinalysis AND micro? \r\n8. Urine C & S? \r\n9. IF 3rd or more occurrence (3 minute) in female, IVP? \r\n10. IF 2nd or more occurrence (3 minute) in males, IVP? \r\n11. IF child AND 2nd or more occurrence in chart, voiding cysto-urethrogram? \r\n12. IF antibiotic used, was it one of penicillins, erythromycins, sulfonamides, cephalosporins, Septra/Bactrim, or tetracyclines? \r\n13. IF tetracycline used, was patient\r\n14. IF child OR discussion re causes of UTI\'s? \r\n15. IF condition persists without definitive diagnosis for more than 3 months, referral? \r\n16. One follow-up within one month?','Unknow');
INSERT INTO ENCOUNTERTEMPLATE VALUES ('CONGESTIVE HEART FAI',SYSDATE,'1. Inquiry re at least two of following? \r\nshortness of breath \r\nswollen ankles \r\nparoxysmal nocturnal dyspnea \r\nexercise intolerance \r\n2. Current medication list? [HA2 ]> \r\n3. Chest exam? \r\n4. Weight recorded on at least 50% of visits? \r\n5. Blood pressure? \r\n6. Comment on ankles OR jugular venous pressure (J.V.P. or J.V.D.)? \r\n7. Heart rate AND rhythm? \r\n8. ECG within 1 year prior OR within 2 weeks after first diagnosis? \r\n9. IF on diuretics, electrolytes done on 50% of visits? \r\n10. BUN done on 50% of visits? \r\n11. Hemoglobin OR indices (hematocrit, MCV, MCHC) done on 50% of visits? \r\n12. Diuretics prescribed? \r\n13. IF on diuretics, amount and duration recorded? \r\n14. Rest recommended? \r\n15. Advice re diet (eg. low salt)? \r\n16. Follow-up weekly until physician notes \"improved\" or \"stable\"? \r\n17. Narcotics prescribed? ','Unknow');
INSERT INTO ENCOUNTERTEMPLATE VALUES ('CLUSTER HEADACHE',SYSDATE,'1. History of attacks in clusters? \r\n2. Attacks acute AND short duration AND recurring several times in 24 hours? \r\n3. Description of headache including two of following? \r\nfacial flushing OR sweating \r\nunilateral lacrimation \r\nnasal congestion \r\n4. Blood pressure? \r\n5. Neurological exam, including note re cranial nerves? \r\n6. One follow-up within 6 months? \r\n7. IF on medication, one follow-up within one month? ','Unknow');
INSERT INTO ENCOUNTERTEMPLATE VALUES ('DYSPLASIA OF CERVIX',SYSDATE,'1. Pap smear at least yearly? \r\n2. IF uterus not removed, yearly follow-up? \r\n3. IF present less than one year, record of follow-up time? ','Unknow');
INSERT INTO ENCOUNTERTEMPLATE VALUES ('HEADACHE NYD',SYSDATE,'1. Inquiry re at least 6 of the following? \r\nseverity \r\nfrequency \r\nlocation \r\nprecipitating factors \r\nmedication history \r\nduration \r\nassociated symptoms (eg. dizziness, blurred vision) \r\nprevious history of headaches \r\nhistory of head injury \r\nhistory of seizures \r\n2. Neurological exam? \r\n3. Blood pressure? \r\n4. One follow-up within 3 months OR referral? \r\n5. IF no definitive diagnosis within 3 months, referral? \r\n6. Inquiry re stress factors? ','Unknow');
INSERT INTO ENCOUNTERTEMPLATE VALUES ('HERPETIC ULCER, VULV',SYSDATE,'1. Inquiry re history of vaginal complaint? \r\n2. Description of lesion? \r\n3. Location of lesion? \r\n4. Viral culture (scraping)? \r\n5. IF initial culture negative AND patient pregnant OR lesion persists, repeat culture? \r\n6. Positive viral culture? \r\n7. IF present at labour, Caesarian section OR referral? ','Unknow');
INSERT INTO ENCOUNTERTEMPLATE VALUES ('THREATENED ABORTION',SYSDATE,'1. Date of LMP noted? \r\n2. Amount of vaginal bleeding? \r\n3. Duration of vaginal bleeding? \r\n4. Uterine cramps? \r\n5. IF heavy bleeding OR continued spotting for one week, pelvic exam? \r\n6. Pregnancy test? \r\n7. Hemoglobin? \r\n8. Hematocrit? \r\n9. Rh factors? \r\n10. Blood type? \r\n11. Positive pregnancy test? \r\n12. Bedrest advised? \r\n13. Progesterone or estrogen used? \r\n14. Follow-up at least once weekly while bleeding? ','Unknow');
INSERT INTO ENCOUNTERTEMPLATE VALUES ('DERMATOPHYTOSIS - RI',SYSDATE,'1. Site noted? \r\n2. Extent noted? \r\n3. IF griseofulvin prescribed, skin scraping for C & S? \r\n4. Topical antifungal agent used? \r\n5. IF griseofulvin used, were topical antifungal agents tried for 1 month first? \r\n6. One follow-up within 3 weeks? \r\n7. IF griseofulvin used, CBC within 3 months? ','Unknow');
INSERT INTO ENCOUNTERTEMPLATE VALUES ('AMMENORRHEA - PRIMAR',SYSDATE,'1. Family history? \r\n2. Growth history? \r\n3. Sexual development history (secondary sexual characteristics)? \r\n4. No period by age 17? \r\n5. Description of breasts, pubic and axillary hair? \r\n6. Pelvic exam OR referral? \r\n7. Referral by age 18? ','Unknow');
INSERT INTO ENCOUNTERTEMPLATE VALUES ('PARAPHIMOSIS',SYSDATE,'1. Inquiry re pain? \r\n2. Foreskin not reducible by patient? \r\n3. Description of penis? \r\n4. Reduction attempted by physician? \r\n5. Counselling on care of penis? \r\n6. IF physician unable to reduce, follow-up or referral? ','Unknow');
INSERT INTO ENCOUNTERTEMPLATE VALUES ('LOW BACK PAIN, NOS,',SYSDATE,'1. Inquiry re duration AND location of pain? \r\n2. Inquiry re presence/absence of one of following? \r\nparesthesia \r\nsensory aberrations \r\nradiation of pain \r\n3. Inquiry re presence/absence of trauma? \r\n4. Inquiry re previous episode(s)? \r\n5. Movement of back (flexion OR extension OR lateral flexion OR rotation) noted? \r\n6. Note on reflexes (one of knee OR ankle)? \r\n7. Note on straight leg raising? \r\n8. IF pain persists for more than 1 month, lumbar spine AP AND lateral X-rays? \r\n9. IF narcotic analgesic (except codeine compounds, 30 mg. codeine max.) used, justification statement? \r\n10. Back exercises AND/OR back care instructions? \r\n11. One follow-up? \r\n12. IF still continuously painful after 3 months, consultation OR referral? ','Unknow');
INSERT INTO ENCOUNTERTEMPLATE VALUES ('NOSEBLEED, ANTERIOR',SYSDATE,'1. Inquiry re frequency? \r\n2. Inquiry re duration? \r\n3. Some estimate of blood loss noted? \r\n4. Examination of nose? \r\n5. IF active bleeding at time of visit, blood pressure recorded? \r\n6. IF > 60 years, hemoglobin? \r\n7. IF recurrent nose bleeder (2 episodes within 6 months), CBC AND platelet count AND PT AND PTT on chart? \r\n8. One of the following? \r\ngross bleeding \r\nphysical evidence of bleeding vessel on examination \r\n9. IF packing performed, follow-up within 2 days? \r\n10. IF Hg \r\n11. IF 3 nosebleeds within past 2 days AND not actively bleeding, cautery OR prescription of ointment? \r\n12. IF acute nosebleed, packing AND/OR cautery AND/OR referral? ','Unknow');
INSERT INTO ENCOUNTERTEMPLATE VALUES ('MUMPS',SYSDATE,'1. Inquiry re duration of symptoms? \r\n2. Swelling in parotid area noted? \r\n3. IF male > 11 years, testicular exam? \r\n4. IF analgesic used, was it ASA or acetaminophen? ','Unknow');
INSERT INTO ENCOUNTERTEMPLATE VALUES ('HYPERLIPIDEMIA',SYSDATE,'1. Family history OR on chart (3 minute)? \r\n2. Cardiovascular exam? \r\n3. Weight recorded? \r\n4. Abdominal exam? \r\n5. Comment re xanthomas? \r\n6. Blood sugar OR glucose tolerance test? \r\n7. Lipids? \r\n8. Lipid level above lab normal? \r\n9. Discussion re diet? \r\n10. IF obesity noted, discussion re weight reduction? \r\n11. Discussion re alcohol AND/OR exercise? ','Unknow');
INSERT INTO ENCOUNTERTEMPLATE VALUES ('BRONCHITIS,ACUTE',SYSDATE,'1. Comment re cough? \r\n2. Comment re sputum? \r\n3. Chest exam? \r\n4. Temperature recorded? \r\n5. IF antibiotics used, dose AND duration recorded (2/3 of the time)? \r\n6. IF smoker, advice re smoking? \r\n7. IF narcotic syrup used, was it prescribed more than once within 30 days? ','Unknow');
INSERT INTO ENCOUNTERTEMPLATE VALUES ('INFANTILE COLIC',SYSDATE,'1. Inquiry re at least two of following? \r\nvomiting\r\nbowel movements\r\nburping\r\npassing gas\r\nfluid intake\r\n2. Inquiry re timing of crying? \r\n3. Weight recorded with initial diagnosis? \r\n4. Comment on appearance of baby? \r\n5. Evidence of evening crying after feeding? \r\n6. At least one follow-up with comment on colic status? \r\n7. Evidence of some support for parent(s) by one of following?\r\npublic health nurse\r\nreassurance and/or discussion by family doctor\r\ninvolvement of family members','Unknow');
INSERT INTO ENCOUNTERTEMPLATE VALUES ('DIABETES MELLITUS, J',SYSDATE,'1. At least every 6 months, comment re one of following? \r\npolyuria \r\npolydipsia \r\nweight loss \r\n2. Description of fundi at least once yearly OR evidence on chart (3 minute) that patient is followed by an opthalmologist? \r\n3. Yearly fasting blood sugar? \r\n4. Urinalysis on at least 75% of visits? \r\n5. Insulin dosage noted at least once yearly? \r\n6. Evidence that home monitoring of urine glucose OR blood glucose is occurring? \r\n7. Evidence of dietary counselling (CDA diet or diabetic education centre referral) on chart (3 minute)? \r\n8. Follow-up at least twice yearly? \r\n9. Evidence of discussion re effects on normal life (eg. family, friends, activities) at least once yearly? ','Unknow');
INSERT INTO ENCOUNTERTEMPLATE VALUES ('PSORIASIS',SYSDATE,'1. Inquiry re duration of lesions OR on chart (3 minute)?\r\n2. Description of lesions (scaly, size, psoriatic etc.) OR on chart (3 minute)? \r\n3. Location of lesions noted OR on chart (3 minute)? \r\n4. IF systemic steroids used, consultant\'s note? \r\n5. IF antimitotic agents used, consultant\'s note? \r\n6. Counselling OR on chart (3 minute)? ','Unknow');
INSERT INTO ENCOUNTERTEMPLATE VALUES ('DEGENERATIVE ARTHRIT',SYSDATE,'1. Were oral corticosteroids (steroids) used? ','Unknow');
INSERT INTO ENCOUNTERTEMPLATE VALUES ('ACNE VULGARIS',SYSDATE,'1. IF on antibiotics (systemic or topical), duration noted on at least 50% of visits? \r\n2. IF on antibiotics (systemic or topical), type noted of visits? \r\n3. Radiation used in treatment by family physicians? \r\n4. Discussion re causes and treatment with patient? \r\n5. IF systemic antibiotics prescribed, follow-up within 6 weeks? \r\n6. IF \"controlled\", follow-up once per year? \r\n7. IF \"severe\" (failure to respond to treatment by family physician within 6 months), referral? ','Unknow');
INSERT INTO ENCOUNTERTEMPLATE VALUES ('GASTROENTERITIS AND',SYSDATE,'1. Inquiry re presence/absence of vomiting? \r\n2. IF vomiting, frequency AND amount noted? \r\n3. Inquiry re frequency AND consistency AND mucus of stools? \r\n4. Inquiry re presence/absence of blood in stools? \r\n5. Inquiry re duration of symptoms? \r\n6. Inquiry re travel history? \r\n7. Abdominal exam? \r\n8. IF child \r\n9. Comment re presence/absence of dehydration? \r\n10. IF failure to respond in 2 days, CBC? \r\n11. IF failure to respond in 2 days, stool cultures? \r\n12. IF failure to respond in 2 days, electrolytes? \r\n13. IF failure to respond in 2 days, stool for occult blood? \r\n14. IF gastroenteritis, presence of diarrhea and vomiting recorded? \r\n15. Antispasmodics OR narcotic antidiarrheals OR antibiotics used? \r\n16. Discussion re avoidance of citrus juices and milk? ','Unknow');
INSERT INTO ENCOUNTERTEMPLATE VALUES ('EPICONDYLITIS',SYSDATE,'1. Inquiry re duration? \r\n2. Inquiry re causes? \r\n3. Palpation, findings noted? \r\n4. Localized pain present? \r\n5. Tenderness on palpation of site present? \r\n6. Advice re avoidance of activity that caused or precipitated problem? ','Unknow');
INSERT INTO ENCOUNTERTEMPLATE VALUES ('HYPERTENSION (ANY AG',SYSDATE,'1. Inquiry re family history of stroke, M.I. OR on chart (3 minute)? \r\n2. Medications taken listed at least twice in 2 year period? \r\n3. One blood pressure per visit (at least 75%)? \r\n4. Yearly comment on heart AND lungs AND fundi AND weight?\r\n5. ECG, on chart (3 minute)? \r\n6. Urinalysis, on chart (3 minute)? \r\n7. IF smoker, advice re smoking? \r\n8. IF obesity noted, advice re weight loss? \r\n9. IF on medication, at least 2 visits per year? \r\n10. IF patient AND diastolic B.P. > 105 on three consecutive visits, referral? \r\n11. Inquiry re stress factors at least once? \r\n12. Inquiry re alcohol intake at least once? \r\n13. IF oral contraceptives used, was justification noted? \r\n14. IF sympathomimetics used, was justification noted?\r\n15. IF diastolic B.P. > 105 on two consecutive occasions, treated with medication? ','Unknow');
INSERT INTO ENCOUNTERTEMPLATE VALUES ('BREAST LUMP',SYSDATE,'1. Inquiry duration? \r\n2. Inquiry re presence/absence of pain? \r\n3. Inquiry re changes relative to menstrual cycle? \r\n4. Size of lump noted? \r\n5. Location of lump noted, specific description OR diagram?\r\n6. Presence/absence of axillary nodes? \r\n7. Referral OR follow-up visit within 4 weeks? \r\n8. IF not previously referred AND lump has not changed OR is larger, one of following done? \r\nreferral \r\naspiration \r\nmammogram \r\nexcision ','Unknow');
INSERT INTO ENCOUNTERTEMPLATE VALUES ('IRON DEFICIENCY ANEM',SYSDATE,'** NOTE **\r\nNon-pregnant, new presentation \r\n1. Inquiry re bleeding from bowel? \r\n2. Inquiry re bleeding from other sources (eg. nose, vagina) \r\n3. Inquiry re diet? \r\n4. Hemoglobin OR hematocrit? \r\n5. Indices MCV AND MCHC OR smear? \r\n6. Two of following? \r\nSerum ferritin \r\nserum iron \r\ntotal iron binding capacity \r\n7. Stool for occult blood? \r\n8. Serum ferritin OR hemoglobin microcytic smear OR low indices (MCV and MCHC)? \r\n9. Oral iron prescribed? \r\n10. IF poor diet noted, diet counselling? \r\n11. One follow-up within 6 weeks? \r\n12. IF injectable iron used, justification statement?','Unknow');
INSERT INTO ENCOUNTERTEMPLATE VALUES ('SCARLET FEVER',SYSDATE,'','Unknow');
INSERT INTO ENCOUNTERTEMPLATE VALUES ('ATROPHIC VAGINITIS',SYSDATE,'1. Inquiry re at least one of following? \r\ndyspareunia \r\ndysuria \r\nspotting \r\nvaginal itch \r\n2. Description of vulva AND/OR vagina? \r\n3. Pap smear for karyopyknotic index? \r\n4. IF dysuria, urinalysis AND micro? \r\n5. Vaginal C & S? \r\n6. IF topical agent used, was it Premarin/conjugated estrogen OR dienestrol cream? \r\n7. IF oral estrogen therapy used, follow-up within one year? \r\n8. IF sexual dysfunction OR dyspareunia identified, counselling? ','Unknow');
INSERT INTO ENCOUNTERTEMPLATE VALUES ('IRRITABLE BOWEL',SYSDATE,'1. Inquiry re bowel activity OR cramps, once per 6 months? \r\n2. Abdominal exam once per year? \r\n3. Stool for occult blood once per year? \r\n4. Sigmoidoscopic exam OR on chart (3 minute)? \r\n5. UGI series with small bowel follow through OR on chart (3 minute)? \r\n6. Presence of constipation OR diarrhea OR cramps? \r\n7. Barium enema OR on chart (3 minute)? \r\n8. Follow-up at least once within 6 months? \r\n9. Discussion of stress factors? \r\n10. Narcotics used? ','Unknow');
INSERT INTO ENCOUNTERTEMPLATE VALUES ('ANKYLOSING SPONDYLIT',SYSDATE,'1. Inquiry re presence/absence of pain? \r\n2. Inquiry re history of stiffness? \r\n3. Yearly comment re stiffness? \r\n4. Yearly comment re range of movement? \r\n5. Yearly comment re presence/absence of deformity? \r\n6. HLA-B27 positive AND X-ray report positive OR consultant\'s report positive? \r\n7. Oral corticosteroids started in primary care? \r\n8. IF on any medication, follow-up yearly? ','Unknow');
INSERT INTO ENCOUNTERTEMPLATE VALUES ('OTITIS MEDIA ACUTE',SYSDATE,'1. Description of symptoms? \r\n2. Duration of symptoms? \r\n3. Examination of ears? \r\n4. Comment re one of the following? \r\nred drum \r\nbulging drum \r\nloss of light reflex \r\n5. IF tetracycline or chloramphenicol used, was patient\r\n6. Antibiotics prescribed for at least 10 days? \r\n7. IF > 4 years AND antibiotic used, was it ampicillin, penicillin or erythromycin? \r\n8. IF AND antibiotic used, was it penicillin, amoxicillin, sulfa or erythromycin? \r\n9. One follow-up within 4 weeks of episode with statement of patient\'s condition? ','Unknow');
INSERT INTO ENCOUNTERTEMPLATE VALUES ('ANIMAL BITES',SYSDATE,'1. Inquiry re what kind of animal? \r\n2. Inquiry re animal provoked or not? \r\n3. Description of wound? \r\n4. IF no tetanus toxoid within 10 years, injection given? \r\n5. IF animal unprovoked, comment re rabies risk? ','Unknow');
INSERT INTO ENCOUNTERTEMPLATE VALUES ('STY',SYSDATE,'1. Painful or swollen eyelid? ','Unknow');
INSERT INTO ENCOUNTERTEMPLATE VALUES ('MYOCARDIAL INFARCTIO',SYSDATE,'** NOTE **\r\nQUESTIONS 1 THROUGH 6 SHOULD BE PRESENT ON AT LEAST 75% OF VISITS. \r\n1. Inquiry re chest pain relating to activity? \r\n2. Inquiry re palpitations? \r\n3. Inquiry re dyspnea? \r\n4. Blood pressure? \r\n5. Chest auscultation? \r\n6. Cardiac auscultation (sounds AND rhythm AND murmurs)? \r\n7. Lipids (cholesterol AND triglycerides) within one year of hospital discharge? \r\n8. IF new abnormal rhythm noted, ECG within 2 days? \r\n9. Current medications recorded (name AND dosage)? \r\n10. Inquiry re risk factors (eg. diet, blood pressure, smoking, obesity)? \r\n11. One follow-up by family doctor or specialist within 4 weeks of discharge? \r\n12. Following initial visit after discharge, follow-up at least every 3 months for one year? ','Unknow');
INSERT INTO ENCOUNTERTEMPLATE VALUES ('RHEUMATIC HEAR DISEA',SYSDATE,'1. Inquiry re at least one of following? \r\ndyspnea on exertion \r\neffort intolerance \r\nchest pain \r\nfatique \r\n2. Description of cardiac sounds, rhythm, murmurs? \r\n3. Blood pressure? \r\n4. IF available in the community, echocardiography? \r\n5. Chest X-ray on chart? \r\n6. IF prophylactic antibiotic used, was it one of the penicillins, cephalosporins, sulfonamides, erythromycins? \r\n7. Advice re antibiotic coverage for instrumentation procedures (eg. dental surgery, urology, gynecology)? ','Unknow');
INSERT INTO ENCOUNTERTEMPLATE VALUES ('FATIGUE, NYD (> 15 Y',SYSDATE,'1. Inquiry re duration? \r\n2. Inquiry re relation to physical activity? \r\n3. Inquiry re presence/absence of diurnal variation? \r\n4. Inquiry re personal habits (alcohol, drugs)? \r\n5. Inquiry re stress factors? \r\n6. Inquiry re symptoms of depression (early morning wakening, feeling of worthlessness, weight loss, suicidal thoughts)? \r\n7. IF no positive findings in questions 4, 5 and/or 6 above, general assessment within 6 months? \r\n8. Hemoglobin? \r\n9. Urinalysis and micro? \r\n10. IF mention of abnormal thyroid, T4 OR TSH done? \r\n11. IF patient is on diuretics, electrolyte levels recorded? \r\n12. Drug treatment started before definitive diagnosis? \r\n13. One follow-up within 6 weeks? ','Unknow');
INSERT INTO ENCOUNTERTEMPLATE VALUES ('PROSTATITIS',SYSDATE,'1. Inquiry re dysuria? \r\n2. Inquiry re pain? \r\n3. Prostate tender? \r\n4. Urinalysis? \r\n5. Urine C & S? \r\n6. Antibiotics used AND amount noted? \r\n7. Antibiotics used AND duration noted? \r\n8. Counselling re at least one of coffee, alcohol, smoking, spices? \r\n9. Follow-up within 2 weeks? ','Unknow');
INSERT INTO ENCOUNTERTEMPLATE VALUES ('KERATITIS, INFLAMMAT',SYSDATE,'1. Inquiry re at least one of following? \r\nphotophobia \r\npain in eye \r\nocular discharge \r\ntearing of eye \r\n2. Duration of symptoms? \r\n3. Description of cornea? \r\n4. Fluoroscein staining? \r\n5. Corticosteroid eye drops used? \r\n6. Follow-up within 48 hours? \r\n7. IF not improved within 48 hours, referral? ','Unknow');
INSERT INTO ENCOUNTERTEMPLATE VALUES ('MONOARTICULAR ARTHRI',SYSDATE,'** NOTE **\r\nOne large joint; ankle, knee, hip, wrist, elbow, shoulder. \r\n1. Inquiry re pain? \r\n2. Site noted? \r\n3. Inquiry re duration of symptoms? \r\n4. Inquiry re presence/absence of trauma? \r\n5. Description of joint? \r\n6. Temperature recorded OR history of fever? \r\n7. One large severely painful joint with abnormalities upon examination? \r\n8. Definitive diagnosis on chart within 3 days OR referral? ','Unknow');
INSERT INTO ENCOUNTERTEMPLATE VALUES ('DEGENERATIVE DISC DI',SYSDATE,'1. Inquiry re low back pain, at least one of following? \r\nduration \r\nlocation \r\nradiation \r\n2. Comment on movement of back, at least one of following? \r\nflexion \r\nextension \r\nlateral flexion \r\nrotation \r\n3. Lumbar X-ray (3 views) on chart (3 minute)? \r\n4. Positive X-ray of lumbar spine on chart (3 minute)? \r\n5. IF narcotic analgesic used, justification statement? \r\n6. Back exercises AND/OR back care instructions? ','Unknow');
INSERT INTO ENCOUNTERTEMPLATE VALUES ('PERFORATION TYMPANIC',SYSDATE,'1. Inquiry re cause? \r\n2. Inquiry re pain? \r\n3. Inquiry re discharge? \r\n4. Location of perforation? \r\n5. Size of perforation? \r\n6. Follow-up until resolved or referral? ','Unknow');
INSERT INTO ENCOUNTERTEMPLATE VALUES ('ARTHRITIS, RHEUMATOI',SYSDATE,'** NOTE **\r\nThese questions apply only to PREVIOUSLY DIAGNOSED rheumatoid arthritis. \r\n1. Inquiry re pain? \r\n2. Inqiury re stiffness? \r\n3. Inquiry re fatigue? \r\n4. Yearly comment re swollen joints? \r\n5. Yearly comment re limitation of movement? \r\n6. Follow-up at least once per year? \r\n7. IF patient on NSAIDS OR chloroquine OR penicillamine OR methotrexate OR gold (myochrysine), follow-up at least 2 times per year? \r\n8. Note at least once yearly re how patient coping? \r\n9. Was methotrexate OR gold OR oral corticosteroids started by family doctor (search back 3 months only)? \r\n10. IF taking chloroquine, ophthamological consultation AND evidence of opthalmological follow-up yearly? ','Unknow');
INSERT INTO ENCOUNTERTEMPLATE VALUES ('PINWORMS',SYSDATE,'1. Inquiry re pruritis of anus or vulva? \r\n2. Examination for eggs AND/OR worms on anus? \r\n3. Pinworm test? \r\n4. Pyrvinium pamovate OR Vanquin used? \r\n5. Whole household treated simultaneously? \r\n6. Positive eggs OR positive worms OR positive pinworm test? ','Unknow');
INSERT INTO ENCOUNTERTEMPLATE VALUES ('RUBELLA',SYSDATE,'1. Inquiry re at least one of following? \r\nfatigue enlarged glands \r\nmalaise rhinitis\r\nmyalgia conjunctivitis\r\nfever abdominal pain\r\nsore throat ear pain\r\n2. Inquiry re duration of symptom? \r\n3. Rash noted? \r\n4. Presence of posterior auricular nodes noted? ','Unknow');
INSERT INTO ENCOUNTERTEMPLATE VALUES ('CELLULITIS',SYSDATE,'1. Inquiry re duration? \r\n2. Site of lesion noted? \r\n3. Extent/size of lesion noted? \r\n4. Temperature recorded? \r\n*** NOTE *** \r\nIF the lesion is larger than 5 inches in diameter OR this is the third or more episode, then questions 5 through 8 apply. \r\n5. IF above, WBC on chart? \r\n6. IF above, urinalysis on chart? \r\n7. IF above, C & S of lesion? \r\n8. IF above, fasting blood sugar within one year? \r\n9. Antibiotics used for at least 7 days? \r\n10. IF antibiotic used, type recorded? \r\n11. IF antibiotic used, amount recorded? \r\n12. Follow-up within 7 days? ','Unknow');
INSERT INTO ENCOUNTERTEMPLATE VALUES ('LYMPHADENOPATHY NYD',SYSDATE,'1. Inquiry re location of enlarged glands? \r\n2. Inquiry re duration? \r\n3. Description of node(s)? \r\n4. IF in axilla OR groin, comment on extremity? \r\n5. IF in neck, ear and throat exam? \r\n6. IF non-neck node AND no obvious cause noted, CBC?\r\n7. IF neck node AND no obvious cause noted, infectious monocucleosis screen (Monospot)? \r\n8. IF lesion persists for one month or more at the same size, chest X-ray? \r\n9. IF lesion persists for two months or longer, biopsy of node OR referral? \r\n10. Antibiotic used AND it was one of the penicillins, erythromycins, sulfonamides, cephalosporins, OR tetracyclines? \r\n11. IF the patient was\r\n12. IF no infectious cause noted, one follow-up? ','Unknow');
INSERT INTO ENCOUNTERTEMPLATE VALUES ('BURSITIS',SYSDATE,'1. Inquiry re pain OR swelling? \r\n2. Inquiry re location? \r\n3. Inquiry re duration? \r\n4. Description of site of lesion (eg. redness, swelling, fluctuation)? \r\n5. IF infected OR if aspirated OR if I&D done, specimen sent for C&S? \r\n6. IF NSAID prescribed, one follow-up within 1 month? ','Unknow');
INSERT INTO ENCOUNTERTEMPLATE VALUES ('PREGNANCY, DELIVERY,',SYSDATE,'1. Ontario antenatal records I AND II? \r\n2. Urinalysis with each visit? \r\n3. Hemoglobin each trimester? \r\n4. IF urinalysis positive for glucose on 2 occasions, blood sugar OR glucose tolerance test OR referral? \r\n5. IF dipstick urinalysis positive, lab report of urinalysis and micro? \r\n6. IF hemoglobin\r\n7. IF any drugs used (except pencillins, vitamins, iron, or antinauseants), comment re teratogenicity? \r\n8. IF blood sugar elevated, discussion of diet with patient? \r\n9. Follow-up monthly for first 7 months, every 2 weeks during the 8th month, and then weekly until delivered? \r\n10. IF X-rays done, pregnancy related OR justification statement? ','Unknow');
INSERT INTO ENCOUNTERTEMPLATE VALUES ('RECTAL BLEEDING',SYSDATE,'1. Inquiry re at least 2 of following? \r\namount \r\ntype of bleeding \r\nduration of bleeding \r\n2. Inquiry re bowel habits? \r\n3. Abdominal exam? \r\n4. Rectal exam? \r\n5. Hemoglobin within 1 week? \r\n6. Proctoscopic exam within 1 week? \r\n7. Sigmoidoscopic exam OR referral within 2 weeks? \r\n8. IF > 30, barium enema AND air contrast within 1 month? \r\n9. IF 30 years old or less AND no cause found on sigmoidoscopic, barium enema AND air contrast within 1 month? \r\n10. Barium enema AND/OR sigmoidoscopic exam within 1 month? \r\n11. IF no diagnosis established after 1 month, referral/consultation OR statement of justification? \r\n12. IF not hemorrhoids, one follow-up? ','Unknow');
INSERT INTO ENCOUNTERTEMPLATE VALUES ('URTICARIA',SYSDATE,'1. Inquiry re duration of rash? \r\n2. Inquiry re location of rash? \r\n3. Inquiry re possible cause (eg. diet, stress, medications)? \r\n4. Description of lesion? \r\n5. IF life threatening (eg. laryngeal edema, circulatory collapse), epinephrine used? \r\n6. IF systemic steroids used, duration \r\n7. IF recurrent (4 or more occasions), consultation OR referral? ','Unknow');
INSERT INTO ENCOUNTERTEMPLATE VALUES ('FOLLICULITIS',SYSDATE,'1. Inquiry re first or recurrent episode? \r\n2. Description of eruption? \r\n3. Location noted? \r\n4. IF recurrent (3 or more episodes in 1 year), C & S? \r\n5. IF recurrent (3 or more episodes in 1 year), serum glucose OR fasting blood sugar OR glucose tolerance test? \r\n6. IF oral antibiotics used, dosage AND duration recorded? \r\n7. IF folliculitis on face AND male > 16, advice re shaving? \r\n8. IF oral antibiotics used, one follow-up?','Unknow');
INSERT INTO ENCOUNTERTEMPLATE VALUES ('CHEST PAIN-NYD (>18',SYSDATE,'1. Location of pain noted? \r\n2. Duration of pain noted? \r\n3. Response to exercise OR posture noted? \r\n4. History of cough OR response to breathing noted? \r\n5. Response to time of eating OR type of food noted? \r\n6. Chest exam? \r\n7. Blood pressure? \r\n8. Heart rate AND rhythm? \r\n9. Presence/absence of chest wall tenderness noted? \r\n10. IF exercise related AND chest not tender, ECG done within 3 days? \r\n11. IF rales OR rhonchi OR dullness in chest, X-ray ordered within 3 days? \r\n12. Statement that there is no cardiac cause OR ECG normal, on this visit OR follow-up within one month? ','Unknow');
INSERT INTO ENCOUNTERTEMPLATE VALUES ('FOREIGN BODY IN NOSE',SYSDATE,'1. Inquiry re how foreign body got into nose? \r\n2. Inquiry re which side is affected? \r\n3. IF removed, description of foreign body? \r\n4. IF foreign body not removed, referral to ENT specialist within 24 hours? ','Unknow');
INSERT INTO ENCOUNTERTEMPLATE VALUES ('SKIN ABSCESS',SYSDATE,'1. Inquiry re location? \r\n2. Inquiry re recurrent or first attack? \r\n3. Description of size? \r\n4. Presence/absence of fluctuation? \r\n5. Presence/absence of lymphangitis? \r\n6. C & S of pus? \r\n7. IF recurrent, fasting serum glucose? \r\n8. Demonstration of pus? \r\n9. I & D? \r\n10. One follow-up within 10 days? ','Unknow');
INSERT INTO ENCOUNTERTEMPLATE VALUES ('STOMATITIS, MONILIAL',SYSDATE,'1. Inquiry re location AND duration of oral lesions? \r\n2. IF adult, inquiry re underlying cause (eg. antibiotics diabetes) OR this information on chart (3 minute)? \r\n3. Presence/absence of plaques in mouth noted? \r\n4. IF lesions unresolved within 2 weeks after therapy started, C & S of lesions for monilia? \r\n5. White plaques in mouth? \r\n6. Local antimonilial agent? \r\n7. Antibiotic used? \r\n8. Follow-up within 2 weeks? ','Unknow');
INSERT INTO ENCOUNTERTEMPLATE VALUES ('BRONCHITIS,CHRONIC',SYSDATE,'1. Occupation on chart (3 minute)? \r\n2. Smoking history on chart (3 minute)? \r\n3. Cough productive OR note re presence/absence of change in amount of sputum? \r\n4. Chest breath sounds? \r\n5. CPE at least every two years with detailed description of chest (3 of 6 respiratory signs)? \r\n6. Chest X-ray (2 views) within 3 years? \r\n7. IF patient fails to improve after 21 days continuous medication, chest X-ray? \r\n8. Does patient produce sputum 6 months of the year? \r\n9. IF antibiotics used, dose AND durtion recorded (2/3 of visits)? \r\n10. IF smoker, advice re smoking? \r\n11. Follow-up twice per year? \r\n12. Sedatives, hypnotics, narcotics or antihistamines used? ','Unknow');
INSERT INTO ENCOUNTERTEMPLATE VALUES ('HYPERTENSION, < 75 Y',SYSDATE,'1. Inquiry re family history of stroke AND/OR M.I., OR on chart (3 minute)? \r\n2. Right and left arm blood pressure at least once on chart? \r\n3. One blood pressure per visit (at least 75%)? \r\n4. Yearly comment on heart AND lungs AND fundi AND weight? \r\n5. ECG, on chart (3 minute)? \r\n6. Urinalysis, on chart (3 minute)? \r\n7. Were there at least two readings with diastolic greater than 90 OR one reading greater than 105 before drug therapy was started? \r\n8. IF diastolic B.P. > 105 or systolic > 200, first line antihypertensive used (thiazides AND/OR beta blockers)? \r\n9. IF second line antihypertensive were used, were first line antihypertensives tried for at least 3 months? \r\n10. IF smoker, advice re smoking? \r\n11. IF obesity noted, advice re weight loss (eg. diet or exercise)? \r\n12. IF patient on drugs, at least 2 visits per year? \r\n13. IF patient has persistant B.P. > 105, referral after 6 months? \r\n14. Inquiry re stress factors? \r\n15. IF oral contraceptives used, justification noted? \r\n16. IF sympathomimetics used, justification noted? ','Unknow');
INSERT INTO ENCOUNTERTEMPLATE VALUES ('PROSTATE, BENIGN HYP',SYSDATE,'1. Inquiry re urinary symptoms, at least one of following?\r\nnocturia \r\nfrequency\r\nstream\r\nurgency \r\n2. Description of prostate? \r\n3. Urinalysis? \r\n4. C & S? \r\n5. IF bladder distended, drained slowly? \r\n6. IF catheterized or obstructed, referral? ','Unknow');
INSERT INTO ENCOUNTERTEMPLATE VALUES ('PYELONEPHRITIS, CHRO',SYSDATE,'1. Inquiry re 3 of following OR on chart (3 minute)? \r\nurinary frequency \r\nurinary urgency \r\nburning on urination (dysuria) \r\nlumbar back pain \r\nfever \r\nchills \r\n2. Blood pressure at least yearly? \r\n3. Urinalysis AND micro at least once in 2 years? \r\n4. Urine C&S at least once in 2 years? \r\n5. Urine C&S for acid-fast bacilli on chart (3 minute)? \r\n6. BUN OR creatinine at least once in 2 years? \r\n7. IVP on chart (3 minute)? \r\n8. Follow-up at least yearly? ','Unknow');
INSERT INTO ENCOUNTERTEMPLATE VALUES ('IRITIS',SYSDATE,'1. Inquiry re at least one of following; blurred vision, painful eye, red eye, photophobia? \r\n2. Description of eye? \r\n3. Referral OR phone consultation? ','Unknow');
INSERT INTO ENCOUNTERTEMPLATE VALUES ('REFLUX ESOPHAGITIS',SYSDATE,'1. Inquiry re duration of symptoms? \r\n2. At least two of following present? \r\nheartburn with bending over recumbency \r\nwater brash \r\nintolerance to rich or spicy foods \r\nintolerance to alcohol \r\ndysphagia \r\nbelching \r\n3. Abdominal exam? \r\n4. IF dysphagia present, endoscopy? \r\n5. IF UGI series performed, reflux demonstrated? \r\n6. Advice re elevation of head of bed? \r\n7. Advice re diet (eg. avoid rich foods, spices, alcohol, coffee, tea, late meals, large meals,)? \r\n8. IF obesity noted, advice re weight reduction? ','Unknow');
INSERT INTO ENCOUNTERTEMPLATE VALUES ('STOMATITIS, HERPETIC',SYSDATE,'1. Inquiry re pain in mouth? \r\n2. Oral ulcerations noted? ','Unknow');
INSERT INTO ENCOUNTERTEMPLATE VALUES ('ASTHMA',SYSDATE,'1. Inquiry re previous episodes? \r\n2. Inquiry re family history OR on chart (3 minute)? \r\n3. Inquiry re occupational history OR on chart (3 minute)? \r\n4. Drugs used for asthma recorded? \r\n5. Amount and duration of asthma drugs recorded? \r\n6. Inquiry re allergies OR on chart (3 minute)? \r\n7. Inquiry re duration of current episode? \r\n8. Description of breathing (eg. wheezing, respiratory distress)? \r\n9. Description of breath sounds? \r\n10. IF steroids used in acute attack, was dosage decreased within 10 days? \r\n11. Wheezing present in history or physical exam? \r\n12. IF smoker, advice re smoking? \r\n13. Advice re avoidance of allergens? \r\n14. Advice re avoidance of precipitating factors? \r\n15. IF on medication for an acute episode, follow-up weekly? \r\n16. Was beta-blocker prescribed? \r\n17. Were parasympathomimetics prescribed? ','Unknow');
INSERT INTO ENCOUNTERTEMPLATE VALUES ('PELVIC INFLAMMATORY',SYSDATE,'1. Inquiry re pelvic pain AND vaginal discharge? \r\n2. Inquiry re previous PID OR venereal disease? \r\n3. Inquiry re menstrual history? \r\n4. Pelvic exam with comment re cervical discharge? \r\n5. Comment re adnexal examination? \r\n6. Comment re pelvic tenderness (cervical excitation)? \r\n7. Presence/absence of fever noted? \r\n8. WBC? \r\n9. Urinalysis? \r\n10. Micro? \r\n11. VDRL? \r\n12. Cervical/vaginal C & S? \r\n13. IF bleeding, pregnancy test? \r\n14. Antibiotic used? \r\n15. Follow-up within 10 days? ','Unknow');
INSERT INTO ENCOUNTERTEMPLATE VALUES ('HERPES ZOSTER',SYSDATE,'1. Description of lesions? \r\n2. Location of lesions noted? \r\n3. IF lesions on forehead OR physician notes \"ophthalmic distribution\", examination of cornea OR referral? ','Unknow');
INSERT INTO ENCOUNTERTEMPLATE VALUES ('THYROID NODULE',SYSDATE,'1. Inquiry re location? \r\n2. Inquiry re duration? \r\n3. Inquiry re one of following? \r\npalpitations \r\ntremor \r\nweight loss \r\n4. Description of size of lesion? \r\n5. Comment on location (midline or lateral)? \r\n6. Referral OR thyroid function tests (T3 and T4 and TSH) AND I-131 uptake/thyroid scan OR ultrasound? \r\n7. Follow-up within 2 months, OR referral? ','Unknow');
INSERT INTO ENCOUNTERTEMPLATE VALUES ('PERITONISILLAR ABSCE',SYSDATE,'1. Inquiry re sore throat? \r\n2. Inquiry re swallowing difficulties? \r\n3. Throat exam? \r\n4. Description of mass? \r\n5. Referral or hospitalization? ','Unknow');
INSERT INTO ENCOUNTERTEMPLATE VALUES ('FEBRILE CONVULSION,',SYSDATE,'1. Description of convulsion? \r\n2. Total time for convulsion noted? \r\n3. Inquiry re previous history of convulsions? \r\n4. Inquiry re fever in preceding 24 hours? \r\n5. Inquiry re illness in preceding 24 hours? \r\n6. Temperature recorded? \r\n7. Presence/absence of neck stiffness noted? \r\n8. ENT exam? \r\n9. Chest exam? \r\n10. Fever within previous 24 hours? \r\n11. IF temperature > 38 C (100.4 F), antipyretics OR instructions re sponging? \r\n12. IF bacterial cause of fever identified, antibiotics used? \r\n13. Discussion re fever therapy (fluids OR sponging OR antipyretics)? \r\n14. Follow-up within two weeks? \r\n15. IF convulsion lasts more than 20 minutes, admission OR immediate referral? \r\n16. Tetracycline used? ','Unknow');
INSERT INTO ENCOUNTERTEMPLATE VALUES ('NOCTURNAL ENURESIS',SYSDATE,'** NOTE**\r\nAudit only for patients at least 4 years old. \r\n1. Inquiry re family history of enuresis? \r\n2. Inquiry re frequency of bedwetting? \r\n3. Inquiry re remissions and exacerbations? \r\n4. Genital exam, once on chart (3 minute)? \r\n5. Urinalysis, once on chart (3 minute)? \r\n6. Urine C & S, once on chart (3 minute)? \r\n7. IF urine culture positive, IVP OR ultrasound? \r\n8. IF recurrent positive urine culture, voiding cystogram OR referral? \r\n9. History of bedwetting on chart? \r\n10. Follow-up at least once? \r\n11. Family counselling, parents and child? \r\n12. Management plan on chart involving at least one of following? \r\nmedications \r\ncounselling \r\ndry-night record ','Unknow');
INSERT INTO ENCOUNTERTEMPLATE VALUES ('TENSION HEADACHE',SYSDATE,'1. Inquiry re at least five of following? \r\nlocation of pain \r\nduration \r\ntime of onset \r\nfrequency \r\nassociated symptoms (nausea) \r\nfamily history \r\npsychosocial factors \r\n2. Blood pressure within last year? \r\n3. CPE, including neurological exam within last year? \r\n4. Headache is stress related? \r\n5. Stress factors identified AND counselling done? \r\n6. IF on medication, follow-up at least every 3 months? \r\n7. IF narcotic analgesic prescribed, dose AND duration recorded? ','Unknow');
INSERT INTO ENCOUNTERTEMPLATE VALUES ('FAMILY PLANNING - FE',SYSDATE,'1. Inquiry re 3 of following? \r\npregnancies \r\nabortions \r\nmenstrual history \r\ngynecological surgery \r\nhistory of PID \r\nsmoking history (# of cigarettes per day) \r\nthrombophlebitis \r\nheadaches (migraines) OR\r\nno risk factors statement? \r\n2. Blood pressure recorded? \r\n3. Pelvic exam? \r\n4. Pap smear within one year of starting birth control? \r\n5. IF on birth control pill or IUD, pap smear yearly? \r\n6. IF on birth control pill, OR justification statement? \r\n7. IF patient smokes more than 15 cigarettes per day OR is > 35 years old, oral contraceptives used? \r\n8. IF history of PID OR nulliparous, IUD used? \r\n9. IF smoker, advice re smoking? \r\n10. Breast self-examination (BSE) noted? \r\n11. Discussion of all methods of contraception on chart? ','Unknow');
INSERT INTO ENCOUNTERTEMPLATE VALUES ('INTERMITTENT CLAUDIC',SYSDATE,'1. Inquiry re duration of pain? \r\n2. Inquiry re current smoking status? \r\n3. Presence/absence of pulses in legs? \r\n4. Blood pressure? \r\n5. Comment on abdomen OR aneurysm? \r\n6. Comment on legs, warmth OR hair growth OR colour? \r\n7. CPE within 12 months before OR 6 months after presentation?\r\n8. Cholesterol OR triglycerides? \r\n9. Blood sugar? \r\n10. Pain in legs with exercise or walking, relieved by rest? \r\n11. IF smoker, advice re smoking? \r\n12. Discussion re foot care? ','Unknow');
INSERT INTO ENCOUNTERTEMPLATE VALUES ('CYSTITIS',SYSDATE,'1. Inquiry re urinary symptoms, one or more of following? \r\nurgency \r\nfrequency \r\ndysuria \r\nhematuria \r\n2. Inquiry re duration of symptoms? \r\n3. Urine dip for protein AND blood OR urinalysis OR urine culture? \r\n4. Positive culture OR two of following present? \r\nurgency \r\nfrequency \r\ndysuria \r\nhematuria \r\n5. Antibiotic used AND was it one of the sulfas, ampicillin, Septra/Bactrim, or tetracycline? \r\n6. One follow-up AND repeat urinalysis OR\r\nculture? \r\n7. Was a negative culture on chart at end of treatment? \r\n8. Was streptomycin or chloromycetin used? ','Unknow');
INSERT INTO ENCOUNTERTEMPLATE VALUES ('HYPOTHROIDISM',SYSDATE,'1. Inquiry re previous thyroid treatment? \r\n2. Inquiry re at least one of following? \r\nsensitivity to cold chronic fatigue \r\nmental dullness menses\r\ngeneralized weakness constipation\r\n3. Thyroid exam? \r\n4. Reflex exam? \r\n5. Comment re at least one of the following? \r\ndry skin voice change\r\nmyxedema lethargy\r\n6. T4 done? \r\n7. T4 repeat, every second dosage change? \r\n8. One of; low T4, low T3, or low uptake, or high TSH? \r\n9. IF newly diagnosed (within last two years), extracts used? \r\n10. IF lab test normal? \r\n11. IF >= 60, follow-up every 2 weeks until euthyroid or lab tests normal? \r\n12. Euthyroid within 6 months OR referral? ','Unknow');
INSERT INTO ENCOUNTERTEMPLATE VALUES ('ABDOMINAL PAIN, NOS',SYSDATE,'1. Inquiry re type of pain? \r\n2. Inquiry re duration of pain? \r\n3. Inquiry re location of pain? \r\n4. Inquiry re presence/absence of specific food intolerances? \r\n5. Inquiry re presence/absence of GI symptoms? \r\n6. Inquiry re presence/absence of fever? \r\n7. IF female, inquiry re menstrual history? \r\n8. Chest exam? \r\n9. Abdominal exam? \r\n10. Presence/absence of tenderness noted? \r\n11. IF female AND pelvic pain or lower left or right quadrant pain, pelvic exam? \r\n12. IF male AND pelvic pain or lower left or right quadrant pain, rectal exam? \r\n13. Urinalysis AND micro? \r\n14. IF abnormal urine, C & S? \r\n15. IF 2nd episode of abdominal pain NOS, C & S? ','Unknow');
INSERT INTO ENCOUNTERTEMPLATE VALUES ('NASOPHARYNGITIS, CHR',SYSDATE,'1. History of one of following? \r\nnasal spray \r\nnasal stuffiness \r\npost-nasal drip \r\ncigarette smoking \r\nexposure to dust or fumes \r\n2. Description of nasal mucosa? \r\n3. Advice re irritants (stop smoking, avoid dust and fumes)? ','Unknow');
INSERT INTO ENCOUNTERTEMPLATE VALUES ('EPILEPSY',SYSDATE,'1. Type AND description of seizures? \r\n2. Frequency of seizures noted? \r\n3. Time of occurrence of seizures noted (eg. day, night, at work, at school, etc.)? \r\n4. Inquiry re precipitating factors on chart (3 minute)? \r\n5. Inquiry re family history of seizure disorder on chart (3 minute)? \r\n6. Neurological exam on chart (3 minute)? \r\n7. EEG on chart (3 minute)? \r\n8. IF neurological exam \"abnormal\", CAT scan on chart (3 minute) OR referral? \r\n9. Description of seizure by witness on chart (3 minute)? \r\n10. Names of drug(s) AND dosage? \r\n11. Discussion re dangerous activities (eg. driving car, working with machinery, etc.) on chart (3 minute)? \r\n12. Discussion re precipitating factors? \r\n13. IF seizures persist (more than one per week), referral? ','Unknow');
INSERT INTO ENCOUNTERTEMPLATE VALUES ('THERAPEUTIC ABORTION',SYSDATE,'1. Obstetrical history? \r\n2. Date of LMP noted? \r\n3. Parity noted? \r\n4. Pelvic exam, findings noted OR referral? \r\n5. Estimate of size of uterus OR weeks of preqnancy OR referral? \r\n6. Rh factor? \r\n7. Pregnancy test done? \r\n8. Pregnancy test positive? \r\n9. IF indicated by Rh factors, RHOGAM/Rh immune globulin? \r\n10. Admit for D & C OR referral? \r\n11. Family planning OR birth control counselling? \r\n12. One follow-up within 6 weeks after abortion? ','Unknow');
INSERT INTO ENCOUNTERTEMPLATE VALUES ('MENOPAUSAL SYNDROME',SYSDATE,'1. Inquiry re menstrual history (all of: cycle, flow, LMP)? \r\n2. Inquiry re hot flashes/flushes? \r\n3. CPE within one year after initial diagnosis? \r\n4. Pap smear within one year after initial diagnosis? \r\n5. IF Premarin OR conjugated estrogens used, cyclical use OR progestational agent added (5 days per 3 months)? \r\n6. Discussion re post-menopausal sexual problems (i.e. lack of lubrication) on chart (3 minute)? ','Unknow');
INSERT INTO ENCOUNTERTEMPLATE VALUES ('HYPERTHYROIDISM, TRE',SYSDATE,'1. Inquiry re at least one of the following at each visit? \r\nenergy \r\nweight \r\nheat sensitivity \r\n2. If new patient to practice within past 2 years, inquiry re duration of disease? \r\n3. If new patient to practice within past 2 years, examination of thyroid and eyes noted? \r\n4. Heart rate OR pulse at each visit? \r\n5. T3 RIA OR TSH yearly? \r\n6. At least one abnormal thyroid test on chart (3 minute), TSH down OR T4 up? \r\n7. Follow-up yearly? ','Unknow');
INSERT INTO ENCOUNTERTEMPLATE VALUES ('ANEMIA, NYD',SYSDATE,'*** NOTE ***\r\nNon-pregnant \r\n1. Inquiry re blood loss? \r\n2. Inquiry re diet? \r\n3. CPE within 6 months? \r\n4. On presenting visit, at least three of following? \r\nblood pressure \r\npulse \r\nabdominal exam \r\nrectal exam \r\n5. Hb OR hematocrit? \r\n6. IF no history of blood loss as cause, blood smear for indices? \r\n7. IF black patient, sickle cell screen? \r\n8. IF male over 19, hemoglobin OR IF female over 17, hemoglobin \r\n9. IF macrocytic indices OR smear (pancytopenia, macro-ovalocytosis, hypersegmentation of neutrophils), folate AND B12 test? \r\n10. IF microcytic indices OR smear microcytic, hypochromic) AND no obvious cause for bleeding, stool for occult blood? \r\n11. IF melena stool OR occult blood positive, barium enema? \r\n12. IF GI symptoms OR upper GI bleeding, UGI series? \r\n13. IF vitamin B12 injections given, documented B12 deficiency?\r\n14. IF iron therapy used, documented iron deficiency? \r\nSerum ferritin OR hemoglobin microcytic smear OR low indices (MCV and MCHC)? ','Unknow');
INSERT INTO ENCOUNTERTEMPLATE VALUES ('PYELONEPHRITIS, ACUT',SYSDATE,'1. Inquiry re at least 3 of following? \r\nurinary frequency \r\nurinary urgency \r\nburning on urination (dysuria) \r\nlumbar back pain \r\nfever \r\nchills \r\n2. Presence/absence of fever noted? \r\n3. Presence/absence of lumbar (CVA) tenderness? \r\n4. Urinalysis AND micro? \r\n5. WBC? \r\n6. Urine C&S prior to treatment? \r\n7. Urine C&S positive? \r\n8. Antibiotic used AND was it one of penicillins, sulfonamides, Septra/Bactrim, cephalosporins, or tetracyclines? \r\n9. IF tetracycline used, was patient \r\n10. Was antibiotic used for 7 days or more initially? \r\n11. IF lab report indicates that organism not sensitive to initial antibiotic used, was antibiotic changed OR did physician indicate \"patient better\"? \r\n12. One follow-up within two weeks? \r\n13. Repeat urine C&S after treatment? ','Unknow');
INSERT INTO ENCOUNTERTEMPLATE VALUES ('PITYRIASIS ROSEA',SYSDATE,'1. Inquiry re duration of rash? \r\n2. Inquiry re herald patch? \r\n3. Description of distribution? \r\n4. VDRL? \r\n5. Oral steroids used? \r\n6. Counselling re duration? ','Unknow');
INSERT INTO ENCOUNTERTEMPLATE VALUES ('VIRAL WARTS (VERRUCA',SYSDATE,'1. Inquiry re duration of symptoms? \r\n2. Site(s) noted? \r\n3. Number noted? \r\n4. Electrodessication (cautery) of plantar warts on weight-bearing surfaces? \r\n5. Surgery on plantar warts? ','Unknow');
INSERT INTO ENCOUNTERTEMPLATE VALUES ('HERPANGINA',SYSDATE,'1. Inquiry re duration of sore throat? \r\n2. Examination of throat? \r\n3. Antibiotics used?','Unknow');
INSERT INTO ENCOUNTERTEMPLATE VALUES ('GASTRITIS - HYPERACI',SYSDATE,'1. Inquiry re location of abdominal pain? \r\n2. Inquiry re duration of abdominal pain? \r\n3. Inquiry re type of abdominal pain? \r\n4. Inquiry re aggravating causes (eg. food, smoking, alcohol, stress, drugs (ASA))? \r\n5. Inquiry re vomiting OR hematemesis? \r\n6. Abdominal exam? \r\n7. Advice re avoidance of aggravating factors (eg. smoking, spices, alcohol, etc.)? \r\n8. Discussion of stress factors? \r\n9. NSAIDs OR ASA OR cortisone used? ','Unknow');
INSERT INTO ENCOUNTERTEMPLATE VALUES ('CONSTIPATION, RECURR',SYSDATE,'*** NOTE ***\r\nPatient over 30 years old with a prior history of constipation. \r\n1. Inquiry re change in bowel movement? \r\n2. Inquiry re diet? \r\n3. Inquiry re drugs? \r\n4. Abdominal exam? \r\n5. Rectal exam? \r\n6. Stool for occult blood? \r\n7. IF less than 3 months duration, barium enema? \r\n8. Infrequent AND/OR difficult bowel movements? \r\n9. Instructions re increase in roughage OR fibre OR bran? \r\n10. One follow-up OR specific diagnostic statement within 3 months? ','Unknow');
INSERT INTO ENCOUNTERTEMPLATE VALUES ('OBESITY',SYSDATE,'1. Inquiry re duration of obesity? \r\n2. Weight recorded? \r\n3. Height recorded? \r\n4. Height AND weight recorded? \r\n5. Anorexiants OR thyroid drugs (if hypothyroidism not diagnosed) OR diuretics used? \r\n6. Diet counselling OR nutritional counselling (physician or dietician)? \r\n7. IF treatment given, follow-up within 6 weeks? ','Unknow');
INSERT INTO ENCOUNTERTEMPLATE VALUES ('SPRAIN OR STRAIN, NY',SYSDATE,'1. Inquiry re how injury happened? \r\n2. Inquiry re location of injury? \r\n3. Time of injury? \r\n4. Presence/absence of swelling? \r\n5. Presence/absence of tenderness? \r\n6. Presence/absence of hematoma? \r\n7. IF sports related, advice re prevention of further episodes? ','Unknow');
INSERT INTO ENCOUNTERTEMPLATE VALUES ('CEREBRAL CONCUSSION',SYSDATE,'1. Type of trauma described? \r\n2. Comment re severity of injury? \r\n3. Time since injury? \r\n4. Presence/absence of change in sensorium since injury? \r\n5. History of loss of consciousness? \r\n6. Neurological exam? \r\n7. Examination of site of injury? \r\n8. Skull X-ray? \r\n9. IF patient not admitted, head injury routine sheet OR instructions? \r\n10. Narcotics or sedatives used? \r\n11. Admission to hospital OR referral? ','Unknow');
INSERT INTO ENCOUNTERTEMPLATE VALUES ('CHICKEN POX',SYSDATE,'1. Inquiry re duration of symptoms? \r\n2. Description of rash? \r\n3. Blister OR papular OR vesicular rash? \r\n4. ASA used? ','Unknow');
INSERT INTO ENCOUNTERTEMPLATE VALUES ('PLEURISY',SYSDATE,'1. Inquiry re duration of symptoms? \r\n2. Inquiry re location of pain? \r\n3. Presence/absence of fever noted? \r\n4. Presence/absence of cough noted? \r\n5. Inquiry whether chest pain worse with deep breathing (pleuritic)? \r\n6. Chest exam? \r\n7. Throat exam? \r\n8. CVS exam? \r\n9. Blood pressure? \r\n10. Temperature recorded? \r\n11. IF temperature elevated OR sputum, CBC? \r\n12. IF sputum, C & S? \r\n13. IF rales AND/OR rhonchi present, chest X-ray? \r\n14. IF antibiotics prescribed, C & S of sputum done before use of antibiotic? \r\n15. IF smoker, advice re smoking? \r\n16. Cause stated OR referral? ','Unknow');
INSERT INTO ENCOUNTERTEMPLATE VALUES ('LOBAR PNEUMONIA',SYSDATE,'1. Inquiry re at least one of following? \r\ncough \r\ndyspnea \r\nchest pain \r\nfever \r\n2. Description of breath sounds? \r\n3. Comment re dullness OR consolidation? \r\n4. Sputum C & S? \r\n5. WBC? \r\n6. Chest X-ray, 2 views? \r\n7. IF X-ray positive, follow-up X-ray within 30 days? \r\n8. Positive culture AND positive X-ray OR consolidation on examination? \r\n9. Oral penicillin or erythromycin or cephalosporin given? \r\n10. Dosage recorded? \r\n11. Amount recorded? \r\n12. Follow-up in 1 week? ','Unknow');
INSERT INTO ENCOUNTERTEMPLATE VALUES ('PYODERMA (INC. IMPET',SYSDATE,'1. Site noted? \r\n2. IF oral antibiotic used, was it one of penicillins, erythromycins, sulfonamides, tetracyclines, or cephalosporins? \r\n3. IF tetracycline used, was patient ','Unknow');
INSERT INTO ENCOUNTERTEMPLATE VALUES ('LACERATIONS OF SKIN',SYSDATE,'** NOTE **\r\nFOR QUESTIONS 1 THROUGH 7, PHYSICIAN MUST FULFILL CONDITION FOR EACH EPISODE OF LACERATION. \r\n1. Inquiry re how laceration occurred? \r\n2. Time between injury and visit? \r\n3. Description of wound? \r\n4. IF hand or wrist, comment on function? \r\n5. IF tendons severed, referral? \r\n6. Debridement (washing)? \r\n7. IF sutured, one follow-up? \r\n8. IF no tetanus toxoid within 10 years, injection given? ','Unknow');
INSERT INTO ENCOUNTERTEMPLATE VALUES ('SEROUS OTITIS MEDIA',SYSDATE,'1. Inquiry re at least two of following; hearing, pain, recurrent URI? \r\n2. Comment re fluid in middle ear OR retracted ear drum? \r\n3. Comment re nose AND throat? \r\n4. IF third episode or more, audiometry OR referral? \r\n5. IF physical findings OR hearing test are abnormal, follow-up until resolved OR referral? ','Unknow');
INSERT INTO ENCOUNTERTEMPLATE VALUES ('DIABETES MELLITUS, A',SYSDATE,'1. Inquiry re family history of diabetes on chart (3 minute)? \r\n2. Duration of disease OR starting date on chart (3 minute)? \r\n3. Inquiry re one of following on each visit? \r\nurine sugars \r\nblood sugars \r\ndietary management \r\npatient feels well or ill \r\n4. Weight recorded (at least 75% of visits)? \r\n5. Urine glucose each visit? \r\n6. Comment re cardiovascular system AND blood pressure yearly? \r\n7. Examination of fundi yearly? \r\n8. IF on oral hypoglycemics, at least one blood sugar recorded yearly? \r\n9. IF on insulin, at least two blood sugars recorded yearly? \r\n10. BUN OR creatinine on chart (3 minute)? \r\n11. IF diabetes first diagnosed within past 2 years, evidence of 2 fasting blood sugars > 8.8 mmol/L OR random sugar > 13.8 mmol/L prior to treatment? \r\n12. Diabetic diet - caloric intake noted on chart (3 minute)? \r\n13. Evidence of dietary counselling by a health professional on chart (3 minute)? \r\n14. IF newly diagnosed, follow-up within one month? \r\n15. IF on diet alone, follow-up at least once yearly? \r\n16. IF on oral hypoglycemic OR insulin, follow-up at least twice yearly? \r\n17. Inquiry re sexual dysfunction on chart (3 minute)? \r\n18. IF acetohexamide or chlorpropramide used (Glyburide and Diabeta are OK), was BUN > 9 mmol/L OR was creatinine > 140 mmol/L? \r\n19. IF no ketones in serum or urine, was dietary therapy tried prior to starting oral hypoglycemic? ','Unknow');
INSERT INTO ENCOUNTERTEMPLATE VALUES ('PROSTATE, CANCER OF',SYSDATE,'1. Inquiry re urinary symptoms? \r\n2. Rectal exam at least yearly? \r\n3. Serum acid phosphatase yearly? \r\n4. IF new or changed urinary symptoms, C & S AND urinalysis?\r\n5. Pathology report positive? \r\n6. Follow-up every 6 months? ','Unknow');
INSERT INTO ENCOUNTERTEMPLATE VALUES ('WELL BABY CARE',SYSDATE,'1. Inquiry re food/diet? \r\n2. Inquiry re coping/parenting skills? \r\n3. Weight recorded at each visit? \r\n4. Comment re normal/abnormal developmental milestones? \r\n5. Length recorded 3 or more times per year? \r\n6. Head circumference recorded 3 or more times in first year of life? \r\n7. Three doses of DPTP by age 8 months OR justification of alternate course? \r\n8. IF age 1 to 2, MMR at 12-15 months, DPTP at 17-19 months OR justification of alternate course? \r\n9. IF > 1 year old, at least 3 visits in first year? \r\n10. IF > 2 years old, at least 3 visits in second year? \r\n11. IF parenting problems identified, counselling OR referral? \r\n12. MMR given before 12 months of age? ','Unknow');
INSERT INTO ENCOUNTERTEMPLATE VALUES ('ARTHRITIS, NYD OR NO',SYSDATE,'** NOTE **\r\nless than one month - multiple joints \r\n1. Inquiry re duration of symptoms? \r\n2. Location of joint pains noted? \r\n3. Description of nature OR severity of pain? \r\n4. Inquiry re aggravating OR precipitating factors? \r\n5. Description of inflammation OR swelling? \r\n6. Description of range of movement? \r\n7. On OR before second visit for same problem, CBC? \r\n8. On OR before second visit for same problem, ESR? \r\n9. On OR before second visit for same problem, anti-nuclear factor (i.e. ANF, ANA)? \r\n10. On OR before second visit for same problem, rheumatoid arthritis factor (i.e. RF, RA)? \r\n11. Were systemic steroids prescribed? \r\n12. Advice re rest OR restrict movement of joint? \r\n13. Follow-up within 2 weeks? \r\n14. IF within 1 year of visit for peptic ulcer disease, were anti-inflammatory agents prescribed? ','Unknow');
INSERT INTO ENCOUNTERTEMPLATE VALUES ('HEMATOMA,SUBCUTANEOU',SYSDATE,'1. Inquiry re history of trauma, type noted? \r\n2. Inquiry re spontaneous or traumatic? \r\n3. IF spontaneous, inquiry re previous episodes? \r\n4. IF spontaneous, inquiry re family history of bleeding? \r\n5. Description of size? \r\n6. Description of location? \r\n7. IF spontaneous, CBC, platelets, PT, PTT done? \r\n8. IF seen within 48 hours of onset, ice recommended? \r\n9. IF spontaneous OR recurrent, one follow-up? \r\n10. IF child (other recent or old trauma)? \r\n11. IF AND history of repeated trauma (3 or more within 2 years) skeletal survey? ','Unknow');
INSERT INTO ENCOUNTERTEMPLATE VALUES ('CONTACT DERMATITIS',SYSDATE,'** NOTE **\r\nIncludes poison ivy. \r\n1. Inquiry re duration? \r\n2. Inquiry re itching? \r\n3. Inquiry re exposure to irritants? \r\n4. Location of rash noted? \r\n5. IF oral prednisone used, no more than 7 days? \r\n6. IF oral prednisone used, one follow-up visit or phone call? ','Unknow');
INSERT INTO ENCOUNTERTEMPLATE VALUES ('SECONDARY AMMENORRHE',SYSDATE,'1. Menstrual history? \r\n2. Duration of problem? \r\n3. Description re onset of problem? \r\n4. History of medications (including oral contraceptives)? \r\n5. Inquiry re changes in diet? \r\n6. Inquiry re stress factors AND/OR athletics? \r\n7. Pelvic exam? \r\n8. Abdominal exam? \r\n9. Pregnancy test? \r\n10. CBC? \r\n11. Thyroid function (at least one of TSH,T3,T4)? \r\n12. Fasting blood sugar on chart (3 minute)? \r\n13. IF more than 3 months duration, prolactin? \r\n14. Pelvic ultrasound on chart (3 minute)? \r\n15. IF more than 3 months duration, X-ray of pituitary? \r\n16. Follow-up until cause found or referral? ','Unknow');
INSERT INTO ENCOUNTERTEMPLATE VALUES ('DIARRHEA, MULTIPLE V',SYSDATE,'1. Inquiry re frequency? \r\n2. Inquiry re duration? \r\n3. Inquiry re diet? \r\n4. Inquiry re medications? \r\n5. Inquiry re travel? \r\n6. Inquiry re blood in stool? \r\n7. Inquiry re fever? \r\n8. Inquiry re weight loss? \r\n9. Inquiry re nausea OR abdominal cramps OR pain? \r\n10. Abdominal exam? \r\n11. Rectal exam? \r\n12. Weight noted at least once? \r\n13. Stool for C & S? \r\n14. Stool for ova and parasites? \r\n15. CBC? \r\n16. ESR? \r\n17. Sigmoidoscopy OR colonoscopy OR referral? \r\n18. Barium enema? \r\n19. IF barium enema negative, UGI series with small bowel follow through? \r\n20. IF not improved within 6 months OR specific diagnosis not noted on chart, referral? ','Unknow');
INSERT INTO ENCOUNTERTEMPLATE VALUES ('NASAL POLYP',SYSDATE,'1. Inquiry re nasal symptoms? \r\n2. Inquiry re history of asthma or ASA allergy (or on chart) (3 minute)? \r\n3. Description of polyp? \r\n4. IF no improvement after 6 weeks, referral? ','Unknow');
INSERT INTO ENCOUNTERTEMPLATE VALUES ('SCOLIOSIS',SYSDATE,'** NOTE **\r\nAudit only presenting visit. \r\n1. Inquiry re how condition found? \r\n2. Description of location (eg. thoracic, lumbar)? \r\n3. Description of extent (degree of angulation)? \r\n4. X-ray of affected area(s) of spine within 3 months of initial diagnosis? \r\n5. X-ray confirms diagnosis of scoliosis? \r\n6. IF 9 to 16 years old AND severe (angulation greater than or equal to 15 degrees, consultation OR referral? \r\n7. IF not referred, follow-up within 3 months? ','Unknow');
INSERT INTO ENCOUNTERTEMPLATE VALUES ('MOUTH LESION',SYSDATE,'1. Inquiry re location? \r\n2. Inquiry re duration? [HA2 ]> \r\n3. Description of lesion? \r\n4. IF lesion described as \"ulcer\" or \"plaque\" AND lesion not healed in 2 months, investigation OR referral? ','Unknow');
INSERT INTO ENCOUNTERTEMPLATE VALUES ('GLAUCOMA',SYSDATE,'1. Inquiry re vision at each visit? \r\n** NOTE **\r\nIF patient is followed by an ophthalmologist, Questions 2 through 8 are NOT APPLICABLE. \r\n2. Inquiry re compliance with medications? \r\n3. Fundi, yearly statement re optic cup? \r\n4. Visual fields recorded yearly? \r\n5. Intraocular pressure yearly? \r\n6. Medications, dosage recorded? \r\n7. High intraocular pressure ( >30 mm Hg ) recorded on chart (3 minute)? \r\n8. Follow-up yearly? \r\n9. IF ocular pressures are not improved after one month of treatment, referral? ','Unknow');
INSERT INTO ENCOUNTERTEMPLATE VALUES ('TONSILLITIS, CHRONIC',SYSDATE,'1. Inquiry re recurrent sore throat? \r\n2. Description of tonsils? \r\n3. Presence/absence of cervical glands noted? \r\n4. IF antibiotic used, was it one of the penicillins, erythromycins, cephalosporins, or tetracyclines? \r\n5. IF tonsillectomy OR referral, were there 4 or more episodes within 2 years OR peritonsillar abscess (quinsy) OR unilateral emlargement OR demonstrated hearing loss? \r\n6. IF tetracycline used, was patient ','Unknow');
INSERT INTO ENCOUNTERTEMPLATE VALUES ('ECZEMA, CONTACT DERM',SYSDATE,'1. Inquiry re duration? \r\n2. Presence/absence of family history of eczema OR on chart (3 minute)? \r\n3. IF over 5 years, inquiry re stress factors? \r\n4. Description of lesion? \r\n5. Location and extent? \r\n6. Topical steroids used? \r\n7. Systemic steroids initiated by family doctor? \r\n8. Discussion re prognosis of disease? \r\n9. One follow-up? \r\n10. IF acute AND failure to respond within 6 weeks, referral?\r\n11. IF child, occulsive dressing for 8 hours or more per 24 hours? \r\n12. IF systemic corticosteroids used, was it for more than 3 months? \r\n13. Fluorinated steroids used on face? ','Unknow');
INSERT INTO ENCOUNTERTEMPLATE VALUES ('FIBROCYSTIC DISEASE',SYSDATE,'1. Inquiry re at least 2 of the following? \r\nbreast pain \r\nrelationship of lump to periods \r\nrecurrency of problem \r\nlocation of lump \r\n2. Description of both breasts? \r\n3. Statement of location and size of lumps? \r\n4. Axillary exam? \r\n5. IF lesion diagnosed as non-cystic, mammography? \r\n6. IF suspected cyst, aspiration OR referral? \r\n7. Yearly breast examination by physician following initial diagnosis? \r\n8. Cysts diagnosed by examination OR by mammography? \r\n9. BSE on chart every two years? \r\n10. IF discrete lump persists after aspiration, referral? ','Unknow');
INSERT INTO ENCOUNTERTEMPLATE VALUES ('PHARYNGITIS',SYSDATE,'1. Inquiry re sore throat? \r\n2. Inquiry re duration? \r\n3. Examination of pharynx? \r\n4. IF white membrane OR lot of exudate noted, mono test AND C & S? \r\n5. Red (inflamed, injected) throat? \r\n6. IF AND positive strep culture, amoxil or ampicillin or erythromycin given for at least 7 days? \r\n7. IF 5 years or older AND positive strep culture, penicillin or erythromycin for at least 7 days? ','Unknow');
INSERT INTO ENCOUNTERTEMPLATE VALUES ('SINUSITIS',SYSDATE,'1. Inquiry re pain in the face and/or head? \r\n2. Inquiry re nasal blockage? \r\n3. Presence/absence of fever noted? \r\n4. Presence/absence of tenderness over sinuses noted? \r\n5. IF recurrent (3 or more visits), X-ray of sinuses? \r\n6. Tenderness over sinuses OR positive X-ray of sinuses? \r\n7. IF antibiotic used, was it one of the penicillins, sulfonamides, erythromycins, cephalosporins, or tetracycline?\r\n8. IF tetracycline used, was patient ','Unknow');
INSERT INTO ENCOUNTERTEMPLATE VALUES ('GOUT',SYSDATE,'1. Inquiry re at least one of following? \r\nsevere joint pain \r\nhistory of swelling \r\nhistory of inflammation \r\nmonoarticular joint \r\n2. List of drugs being used OR on chart (3 minute)? \r\n3. Presence/absence of swelling of involved joint? \r\n4. Presence/absence of inflammation of involved joint? \r\n5. IF joint aspiration done, report for uric acid crystals? \r\n6. Serum uric acid? \r\n7. One of the following? \r\nserum uric acid greater than lab normal \r\nuric acid crystals in joint aspirate \r\nX-ray diagnosis \r\n8. ASA used? \r\n9. NSAIDs OR Colchicine used? \r\n10. IF thiazides used, statement of justification? \r\n11. IF 3 or more episodes OR uric acid greater than lab normal, recommendation for prophylaxis treatment? \r\n12. Advice re avoidance of precipitating factors (eg. alcohol, high purine foods) \r\n13. IF flare-up occurs AND allopurinal OR uricosurics are being used, Colchicine used? ','Unknow');
INSERT INTO ENCOUNTERTEMPLATE VALUES ('NASAL INJURY',SYSDATE,'1. Description of accident? \r\n2. Description of nose including 2 of following; swelling, amount of bleeding, deformity, lacerations? \r\n3. IF deformity found on examination, X-ray of nasal bones? \r\n4. IF deformity found on examination, referral to ENT specialist? \r\n5. IF unable to control bleeding, referral? ','Unknow');
INSERT INTO ENCOUNTERTEMPLATE VALUES ('VENEREAL WARTS (COND',SYSDATE,'1. Inquiry re duration of lesions? \r\n2. Description of size AND extent of lesions? \r\n3. VDRL OR syphilis screen? ','Unknow');

DROP TABLE DEMOGRAPHICSTUDY CASCADE CONSTRAINTS;
CREATE TABLE DEMOGRAPHICSTUDY (
  DEMOGRAPHIC_NO NUMBER(10),
  STUDY_NO NUMBER(10),
  CONSTRAINT DEMOGRAPHICSTUDY_PK PRIMARY KEY(DEMOGRAPHIC_NO,STUDY_NO),
  PROVIDER_NO VARCHAR2(10),
  TIMESTAMP_STUDY TIMESTAMP  
);

DROP TABLE STUDY CASCADE CONSTRAINTS;
CREATE TABLE STUDY (
  STUDY_NO NUMBER(10), -- NOT NULL auto_increment
  STUDY_NAME VARCHAR2(20),
  STUDY_LINK VARCHAR2(255),
  DESCRIPTION VARCHAR2(255),
  FORM_NAME VARCHAR2(30),
  CURRENTNUMBER NUMBER(1),
  REMOTE_SERVERURL VARCHAR2(50),
  PROVIDER_NO VARCHAR2(10),
  TIMESTAMP_STUDY TIMESTAMP,
  CONSTRAINT STUDY_PK PRIMARY KEY(STUDY_NO)  
);


DROP TABLE STUDYDATA CASCADE CONSTRAINTS;
CREATE TABLE STUDYDATA (
  STUDYDATA_NO NUMBER(10), -- NOT NULL auto_increment,
  DEMOGRAPHIC_NO NUMBER(10),
  STUDY_NO NUMBER(10),
  PROVIDER_NO VARCHAR2(10),
  TIMESTAMP_STUDY TIMESTAMP,
  STATUS VARCHAR2(30),
  CONTENT CLOB,
  CONSTRAINT STUDYDATA_PK PRIMARY KEY (STUDYDATA_NO)
);


DROP TABLE STUDYLOGIN CASCADE CONSTRAINTS;
CREATE TABLE STUDYLOGIN (
  ID NUMBER(6), -- NOT NULL auto_increment,
  PROVIDER_NO VARCHAR2(10),
  STUDY_NO NUMBER(3),
  REMOTE_LOGIN_URL VARCHAR2(100),
  URL_NAME_USERNAME VARCHAR2(20),
  URL_NAME_PASSWORD VARCHAR2(20),
  USERNAME VARCHAR2(30),
  PASSWORD VARCHAR2(100),
  CURRENTNUMBER NUMBER(1),
  CREATOR VARCHAR2(6),
  TIMESTAMP_STUDY TIMESTAMP,
  CONSTRAINT STUDYLOGIN_PK PRIMARY KEY (ID)
);



DROP TABLE APPOINTMENT CASCADE CONSTRAINTS;
CREATE TABLE APPOINTMENT (
  APPOINTMENT_NO NUMBER(12), -- NOT NULL auto_increment
  PROVIDER_NO VARCHAR2(10),
  APPOINTMENT_DATE DATE, -- NOT NULL default '0001-01-01',
  START_TIME TIMESTAMP, -- NOT NULL default '00:00:00',
  END_TIME TIMESTAMP, -- NOT NULL default '00:00:00',
  NAME VARCHAR2(50),
  DEMOGRAPHIC_NO NUMBER(10),
  NOTES VARCHAR2(80),
  REASON VARCHAR2(80),
  LOCATION VARCHAR2(30),
  RESOURCES VARCHAR2(10),
  TYPE VARCHAR2(10),
  STYLE VARCHAR2(10),
  BILLING VARCHAR2(10),
  STATUS CHAR(2),
  CREATEDATETIME DATE,
  CREATOR VARCHAR2(50),
  REMARKS VARCHAR2(50),
  CONSTRAINT APPOINTMENT_PK PRIMARY KEY (APPOINTMENT_NO)  
);
CREATE INDEX APPOINTMENT_DEMO_ID_INDEX ON APPOINTMENT(DEMOGRAPHIC_NO);
CREATE INDEX APPOINTMENT_APP_DATE_INDEX ON APPOINTMENT(APPOINTMENT_DATE,START_TIME,DEMOGRAPHIC_NO);




